column,type,count,missing_rate,mean,std,p01,p50,p99,nunique
행정동코드,numeric,396864,0.0,1113663.8797169812,7402.742517496021,1101057.0,1114068.5,1125070.0,
자치구,categorical/text,396864,0.0,,,,,,25.0
행정동,categorical/text,396864,0.0,,,,,,423.0
성별,numeric,396864,0.0,1.5,0.5,1.0,1.5,2.0,
연령대,numeric,396864,0.0,47.5,17.260262647673315,20.0,47.5,75.0,
총인구수,numeric,386688,0.02564102564102566,831.6360570796094,424.3826209343432,128.0,774.0,2115.9217000000003,
1인가구수,numeric,396864,0.0,158.71938752318175,177.55458390881833,18.48,112.25,934.3,
야간상주지 변경 미추정 인구 수,numeric,396864,0.0,0.0,0.0,0.0,0.0,0.0,
야간상주지 변경횟수 평균,numeric,396864,0.0,1.678948959845186,0.3115201498083578,1.0,1.62,2.68,
"야간상주지 변경횟수: 4분위수, 25%",numeric,396864,0.0,1.0282288139009836,0.16638486546123082,1.0,1.0,2.0,
"야간상주지 변경횟수: 4분위수, 50%",numeric,396864,0.0,1.319242864054185,0.48764469282002043,1.0,1.0,3.0,
"야간상주지 변경횟수: 4분위수, 75%",numeric,396864,0.0,2.0977261731978714,0.4736383038467664,1.0,2.0,3.0,
주간상주지 변경 미추정 인구수,numeric,396864,0.0,0.0,0.0,0.0,0.0,0.0,
주간상주지 변경횟수 평균,numeric,396864,0.0,2.267669100749879,0.7271922929463284,1.0,2.34,4.06,
"주간상주지 변경횟수: 4분위수, 25%",numeric,396864,0.0,1.1462843694565392,0.3670797914659627,1.0,1.0,2.0,
"주간상주지 변경횟수: 4분위수, 50%",numeric,396864,0.0,1.8997943880019352,0.7022312204401951,1.0,2.0,4.0,
"주간상주지 변경횟수: 4분위수, 75%",numeric,396864,0.0,2.858175596677955,1.1484847094892128,1.0,3.0,6.0,
출근 소요시간 미추정 인구수,numeric,396864,0.0,392.8616466346154,216.43339778438843,59.37,352.9,1137.8984999999998,
평균 출근 소요시간 평균,numeric,396864,0.0,54.57622651588453,25.99391167468062,0.0,61.35,100.0,
"평균 출근 소요시간: 4분위수, 25%",numeric,396864,0.0,24.325234841154654,13.938794609194705,0.0,30.0,50.0,
"평균 출근 소요시간: 4분위수, 50%",numeric,396864,0.0,42.229151548137395,21.310219019463126,0.0,50.0,80.0,
"평균 출근 소요시간: 4분위수, 75%",numeric,396864,0.0,73.1631994839542,36.47909668260198,0.0,80.0,150.0,
근무시간 미추정 인구수,numeric,396864,0.0,360.80406748911463,206.45130669137413,50.0,320.88,1085.95,
평균 근무시간 평균,numeric,396864,0.0,442.4777297008547,194.8623355904074,0.0,520.07,615.38,
"평균 근무시간: 4분위수, 25%",numeric,396864,0.0,362.3224832688276,168.9975170536683,0.0,430.0,540.0,
"평균 근무시간: 4분위수, 50%",numeric,396864,0.0,466.31269150137075,205.59762193813938,0.0,550.0,690.0,
"평균 근무시간: 4분위수, 75%",numeric,396864,0.0,560.4860859135623,247.3163508173038,0.0,650.0,840.0,
소액결재 비사용 인구수,numeric,396864,0.0,801.8965025298338,405.5323548495625,123.8989,747.0,2025.2232999999997,
소액결재 사용횟수 평균,numeric,396864,0.0,2.235438260965973,0.7520983942082373,0.0,2.41,3.33,
"소액결재 사용횟수: 4분위수, 25%",numeric,396864,0.0,1.6692945694242862,0.6526996867757009,0.0,1.67,3.33,
"소액결재 사용횟수: 4분위수, 50%",numeric,396864,0.0,2.065986484034833,0.9631825691241686,0.0,1.67,3.33,
"소액결재 사용횟수: 4분위수, 75%",numeric,396864,0.0,2.7934285800677303,1.0148832750146763,0.0,3.33,3.33,
소액결재 사용 금액 없는 인구수,numeric,396864,0.0,684.4733253961053,337.1734738292661,110.80630000000001,638.9,1701.0154999999993,
소액결재 사용금액 평균,numeric,396864,0.0,5972.310979605104,1563.7685181286852,1583.33,5977.78,10166.67,
"소액결재 사용금액: 4분위수, 25%",numeric,396864,0.0,1558.490687389131,1366.34693179481,333.33,1333.33,8666.67,
"소액결재 사용금액: 4분위수, 50%",numeric,396864,0.0,4944.574682536083,2848.3959362336905,333.33,4333.33,13333.33,
"소액결재 사용금액: 4분위수, 75%",numeric,396864,0.0,10867.290589874616,2947.899378415513,1333.33,11000.0,15666.67,
최근 3개월 내 요금 연체 비율,numeric,396864,0.0,10.00293107966457,6.202869231361076,1.37,8.24,26.35,
카카오톡 비사용 인구수,numeric,396864,0.0,39.187659626471536,52.950025789543034,0.0,26.0,300.0,
SNS 사용횟수,numeric,396864,0.0,-0.0036391811804547636,0.1188710178747237,-0.28,0.0,0.23,
"SNS 사용횟수: 4분위수, 25%",numeric,396864,0.0,-0.24656552370585388,0.10374306637583544,-0.46,-0.25,-0.02,
"SNS 사용횟수: 4분위수, 50%",numeric,396864,0.0,-0.051433160982099664,0.15452812626293042,-0.41,-0.05,0.27,
"SNS 사용횟수: 4분위수, 75%",numeric,396864,0.0,0.2049438850588615,0.17929831370240326,-0.21,0.2,0.57,
평균 통화량,numeric,396864,0.0,78.70370358611514,24.110337680876246,29.07,73.84,135.12,
"평균 통화량: 4분위수, 25%",numeric,396864,0.0,22.99506581599742,9.574055048013426,6.67,20.0,50.0,
"평균 통화량: 4분위수, 50%",numeric,396864,0.0,52.48569605708757,19.186803373006413,16.67,50.0,103.33,
"평균 통화량: 4분위수, 75%",numeric,396864,0.0,110.94258249677472,37.65439294657518,33.33,106.67,203.33,
평균 문자량,numeric,396864,0.0,13.164613746774712,3.387274646452101,6.25,12.87,22.22,
"평균 문자량: 4분위수, 25%",numeric,396864,0.0,3.3683457557248824,0.42288926228144696,3.33,3.33,6.67,
"평균 문자량: 4분위수, 50%",numeric,396864,0.0,6.270849812530237,1.731597717664877,3.33,6.67,10.0,
"평균 문자량: 4분위수, 75%",numeric,396864,0.0,13.49984294367844,4.311622534685581,6.67,13.33,26.67,
평균 통화대상자 수,numeric,396864,0.0,13.437476994637962,4.100029198827836,5.65,13.32,22.11,
"평균 통화대상자 수: 4분위수, 25%",numeric,396864,0.0,6.277305424528302,1.9625182811216049,3.33,6.67,11.67,
"평균 통화대상자 수: 4분위수, 50%",numeric,396864,0.0,10.640220982502823,3.378318227382678,5.0,10.0,18.33,
"평균 통화대상자 수: 4분위수, 75%",numeric,396864,0.0,17.377118836679568,5.848764335237131,6.67,16.67,30.0,
평균 문자대상자 수,numeric,396864,0.0,5.067734841154652,1.1822116651617716,2.48,5.24,7.38,
"평균 문자대상자 수: 4분위수, 25%",numeric,396864,0.0,2.945754414610546,0.9137415019106914,1.67,3.33,5.0,
"평균 문자대상자 수: 4분위수, 50%",numeric,396864,0.0,4.175809647637477,1.1497419970685012,1.67,5.0,6.67,
"평균 문자대상자 수: 4분위수, 75%",numeric,396864,0.0,5.940025877882599,1.4937101833226545,3.33,6.67,8.33,
데이터 사용량,numeric,396864,0.0,6.209011801019997,5.1184301983924065,0.37,4.78,20.942800899999966,
"데이터 사용량: 4분위수, 25%",numeric,396864,0.0,1.1751341852876553,1.318550792671561,0.0,0.60728,5.533699999999953,
"데이터 사용량: 4분위수, 50%",numeric,396864,0.0,3.5141508608490564,3.723932916728788,0.03709259999999996,1.97,15.422715799999965,
"데이터 사용량: 4분위수, 75%",numeric,396864,0.0,8.189348700839583,7.606677256953436,0.16,5.58,29.9,
평일 총 이동 횟수 미추정 인구수,numeric,396864,0.0,63.802702512699554,52.60513283002851,3.41,51.9,279.2047999999998,
평일 총 이동 횟수,numeric,396864,0.0,22.244500786163524,7.576380519533668,7.93,21.56,40.313699999999955,
"평일 총 이동 횟수: 4분위수, 25%",numeric,396864,0.0,12.78572475709563,6.683815892530675,1.67,11.67,31.67,
"평일 총 이동 횟수: 4분위수, 50%",numeric,396864,0.0,22.67707254878245,9.095749696509003,5.0,23.33,43.33,
"평일 총 이동 횟수: 4분위수, 75%",numeric,396864,0.0,30.583454180777295,9.674301202262283,11.67,30.0,51.67,
휴일 이동 미추정 인구수,numeric,396864,0.0,103.86068610405579,80.12208814794286,8.8,85.89,430.0,
휴일 총 이동 횟수 평균,numeric,396864,0.0,9.03153203616352,2.8804903895184477,3.98,8.56,16.41,
"휴일 총 이동 횟수: 4분위수, 25%",numeric,396864,0.0,5.064040023786486,2.085855684155069,1.67,5.0,10.0,
"휴일 총 이동 횟수: 4분위수, 50%",numeric,396864,0.0,8.50029675153201,3.0708747332703177,3.33,8.33,16.67,
"휴일 총 이동 횟수: 4분위수, 75%",numeric,396864,0.0,12.370209492420578,3.968727345309785,5.0,11.67,21.67,
집 추정 위치 평일 총 체류시간 미추정 인구수,numeric,396864,0.0,7.657932692307692,9.095012571905597,0.0,5.06,43.923699999999954,
집 추정 위치 평일 총 체류시간,numeric,396864,0.0,784571.1707432774,242221.26657989447,364563.31220000004,728275.095,1430558.3424,
"집 추정 위치 평일 총 체류시간: 4분위수, 25%",numeric,396864,0.0,592118.8978297603,216227.08906418935,256554.3342,539700.0,1300712.3320999998,
"집 추정 위치 평일 총 체류시간: 4분위수, 50%",numeric,396864,0.0,763915.9266972061,265281.7766521728,326033.33,712033.33,1523566.67,
"집 추정 위치 평일 총 체류시간: 4분위수, 75%",numeric,396864,0.0,974099.3235229953,290809.48054632865,449100.0,920300.0,1651279.0020999997,
집 추정 위치 휴일 총 체류시간 미추정 인구수,numeric,396864,0.0,9.643487113973551,9.779860813295624,0.0,7.07,46.093699999999956,
집 추정 위치 휴일 총 체류시간,numeric,396864,0.0,207702.8417097545,84610.42822320898,83403.4436,185847.47999999998,461222.0243,
"집 추정 위치 휴일 총 체류시간: 4분위수, 25%",numeric,396864,0.0,137913.98245308216,73321.64925625766,39966.67,117300.0,382966.67,
"집 추정 위치 휴일 총 체류시간: 4분위수, 50%",numeric,396864,0.0,200084.6507421686,89152.110305821,72000.0,176633.33,477100.0,
"집 추정 위치 휴일 총 체류시간: 4분위수, 75%",numeric,396864,0.0,269586.0219509202,102317.88602878372,112700.0,244500.0,559979.0020999999,
평일 총 이동 거리 미추정 인구수,numeric,396864,0.0,81.78400572992258,66.74905683961963,4.77,66.04,350.0,
평일 총 이동 거리 합계,numeric,396864,0.0,701.7929154823819,317.05767938729883,203.1,640.02,1686.8547999999998,
"평일 총 이동 거리 합계: 4분위수, 25%",numeric,396864,0.0,251.2586262800355,144.43124152838408,33.33,233.33,700.0,
"평일 총 이동 거리 합계: 4분위수, 50%",numeric,396864,0.0,532.949048540558,274.2169481362106,100.0,500.0,1366.67,
"평일 총 이동 거리 합계: 4분위수, 75%",numeric,396864,0.0,965.3159056251008,453.35066437244734,233.33,866.67,2400.0,
휴일 총 이동 거리 미추정 인구수,numeric,396864,0.0,121.93539489598453,89.8205236671105,11.13,102.0,474.0,
휴일 총 이동 거리 합계,numeric,396864,0.0,377.64578437449603,149.06386854127763,134.60260000000002,354.78,863.77,
"휴일 총 이동 거리 합계: 4분위수, 25%",numeric,396864,0.0,141.6961945149976,71.03604809025161,33.33,133.33,366.67,
"휴일 총 이동 거리 합계: 4분위수, 50%",numeric,396864,0.0,292.3363038219642,132.21059389347997,66.67,266.67,733.33,
"휴일 총 이동 거리 합계: 4분위수, 75%",numeric,396864,0.0,521.7992413522013,212.4339133541245,166.67,500.0,1200.0,
지하철 이용 미추정 인구수,numeric,396864,0.0,106.37877245101598,88.55870489940109,8.076300000000002,84.53,470.8473999999999,
지하철이동일수 합계,numeric,396864,0.0,10.782076907958393,3.6448316881739347,4.36,10.41,19.71,
"지하철이동일수 합계: 4분위수, 25%",numeric,396864,0.0,5.989154924608934,3.246666914080696,1.67,5.0,16.67,
"지하철이동일수 합계: 4분위수, 50%",numeric,396864,0.0,10.812077537897112,4.714540633221033,3.33,10.0,21.67,
"지하철이동일수 합계: 4분위수, 75%",numeric,396864,0.0,15.398013979600064,4.946841374349559,5.0,15.0,25.0,
게임 서비스 사용 미추정 인구수,numeric,396864,0.0,86.6192829533543,131.58009666985723,0.0,40.55,670.0969999999995,
게임 서비스 사용일수,numeric,396864,0.0,41.91072828475246,17.670211702775877,8.79,40.09,83.5,
"게임 서비스 사용일수: 4분위수, 25%",numeric,396864,0.0,22.05516098713917,11.58311315800143,1.67,23.33,43.33,
"게임 서비스 사용일수: 4분위수, 50%",numeric,396864,0.0,33.59745774371069,16.400307117089813,3.33,33.33,73.33,
"게임 서비스 사용일수: 4분위수, 75%",numeric,396864,0.0,54.61264599459765,29.183226835449027,8.33,46.67,133.33,
금융 서비스 사용 미추정 인구수,numeric,396864,0.0,102.85856356333656,111.51747729072456,2.976300000000001,73.26,605.3173999999999,
금융 서비스 사용일수,numeric,396864,0.0,99.84937522677795,52.27024923766917,17.44,101.89,216.21,
"금융 서비스 사용일수: 4분위수, 25%",numeric,396864,0.0,40.74806170375746,31.338631718612767,1.67,36.67,118.33,
"금융 서비스 사용일수: 4분위수, 50%",numeric,396864,0.0,82.55199398282535,53.82793365868881,6.67,81.67,208.33,
"금융 서비스 사용일수: 4분위수, 75%",numeric,396864,0.0,144.33002829684727,80.17924724750539,20.0,146.67,326.67,
쇼핑 서비스 사용 미추정 인구수,numeric,396864,0.0,69.61430424528302,82.64790183875188,0.0,45.47,438.05479999999983,
쇼핑 서비스 사용일수,numeric,396864,0.0,134.1844302582245,66.16316066243792,24.47,137.65,283.36,
"쇼핑 서비스 사용일수: 4분위수, 25%",numeric,396864,0.0,53.670206468714724,37.09835303306183,3.33,50.0,143.33,
"쇼핑 서비스 사용일수: 4분위수, 50%",numeric,396864,0.0,107.54204911506208,65.87708058447414,8.33,108.33,258.33,
"쇼핑 서비스 사용일수: 4분위수, 75%",numeric,396864,0.0,191.65727065191098,102.99317215023076,25.0,195.0,421.67,
동영상/방송 서비스 사용 미추정 인구수,numeric,396864,0.0,120.41606154753268,115.82594560263233,4.31,87.69,592.7432999999996,
동영상/방송 서비스 사용일수,numeric,396864,0.0,32.457635814787935,17.994943882568496,8.56,28.87,91.15369999999996,
"동영상/방송 서비스 사용일수: 4분위수, 25%",numeric,396864,0.0,12.651203712102886,10.9557873478013,1.67,10.0,50.0,
"동영상/방송 서비스 사용일수: 4분위수, 50%",numeric,396864,0.0,25.282714229559748,18.40179057337238,3.33,21.67,85.0,
"동영상/방송 서비스 사용일수: 4분위수, 75%",numeric,396864,0.0,46.31422094218674,26.93700492018249,8.33,41.67,131.67,
유튜브 사용 미추정 인구수,numeric,396864,0.0,30.623952134736335,37.74328417541057,0.0,21.5,212.5973999999999,
유튜브 사용일수,numeric,396864,0.0,-0.05373095065312046,0.1991077162748344,-0.63,-0.05,0.29,
"유튜브 사용일수: 4분위수, 25%",numeric,396864,0.0,-0.22716913098693758,0.2835201532323935,-1.33,-0.22,0.2,
"유튜브 사용일수: 4분위수, 50%",numeric,396864,0.0,0.017709996371552975,0.2047565540569127,-0.57,0.03,0.35,
"유튜브 사용일수: 4분위수, 75%",numeric,396864,0.0,0.20375859236413485,0.1524320323991667,-0.22,0.21,0.47,
넷플릭스 사용 미추정 인구수,numeric,396864,0.0,458.18254653987253,269.41482903475304,51.46,408.33,1266.6073999999999,
넷플릭스 사용일수,numeric,396864,0.0,-0.3906815936945654,0.20168106392116222,-0.66,-0.39,-0.02,
"넷플릭스 사용일수: 4분위수, 25%",numeric,396864,0.0,-0.6570065060070956,0.049695680269022866,-0.67,-0.67,-0.42,
"넷플릭스 사용일수: 4분위수, 50%",numeric,396864,0.0,-0.4733136540477343,0.2588845190329402,-0.67,-0.67,0.12,
"넷플릭스 사용일수: 4분위수, 75%",numeric,396864,0.0,-0.1927649774229963,0.40888792563434206,-0.67,-0.1,0.33,
배달 서비스 사용 미추정 인구수,numeric,396864,0.0,392.8111128749395,284.85747475448045,30.75,322.385,1256.49,
배달 서비스 사용일수,numeric,396864,0.0,11.818099676463476,4.4674452746873055,2.5,11.83,21.97,
"배달 서비스 사용일수: 4분위수, 25%",numeric,396864,0.0,4.038668208756652,2.351134149075145,1.67,3.33,10.0,
"배달 서비스 사용일수: 4분위수, 50%",numeric,396864,0.0,8.716586009313016,4.690732010729221,1.67,8.33,20.0,
"배달 서비스 사용일수: 4분위수, 75%",numeric,396864,0.0,17.764431996855347,8.317630260228295,3.33,18.33,36.67,
배달_브랜드 서비스 사용 미추정 인구수,numeric,396864,0.0,767.8999945069343,381.8871016115875,121.64630000000001,717.195,1900.0,
배달_브랜드 서비스 사용일수,numeric,396864,0.0,2.6784955551523946,1.2886499473851154,0.0,2.78,5.83,
"배달_브랜드 서비스 사용일수: 4분위수, 25%",numeric,396864,0.0,1.649700930293501,0.9292368945349049,0.0,1.67,5.0,
"배달_브랜드 서비스 사용일수: 4분위수, 50%",numeric,396864,0.0,1.9963498074907273,1.2241730902459589,0.0,1.67,5.0,
"배달_브랜드 서비스 사용일수: 4분위수, 75%",numeric,396864,0.0,3.593648277495565,2.0558490226350505,0.0,3.33,10.0,
배달_식재료 서비스 사용 미추정 인구수,numeric,396864,0.0,816.5277570653926,414.5475960414488,125.59,760.89,2067.476599999999,
배달_식재료 서비스 사용일수,numeric,396864,0.0,1.3693811482019027,0.6416087502882235,0.0,1.67,1.67,
"배달_식재료 서비스 사용일수: 4분위수, 25%",numeric,396864,0.0,1.3693811482019027,0.6416087502882235,0.0,1.67,1.67,
"배달_식재료 서비스 사용일수: 4분위수, 50%",numeric,396864,0.0,1.3693811482019027,0.6416087502882235,0.0,1.67,1.67,
"배달_식재료 서비스 사용일수: 4분위수, 75%",numeric,396864,0.0,1.3693811482019027,0.6416087502882235,0.0,1.67,1.67,
총인구,numeric,10176,0.9743589743589743,805.5348840408806,424.3915665107848,119.36500000000001,749.8499999999999,2089.0,
month,categorical/text,396864,0.0,,,,,,39.0
year,numeric,396864,0.0,2023.1538461538462,0.9483713850721502,2022.0,2023.0,2025.0,
month_num,numeric,396864,0.0,6.153846153846154,3.533999416209242,1.0,6.0,12.0,
year_month,categorical/text,396864,0.0,,,,,,39.0
persona_p0,numeric,396864,0.0,0.5251533353113458,0.3088432691469785,4.2036527326637714e-05,0.6111826886912715,0.9225436679028494,
persona_p1,numeric,396864,0.0,0.13449723733107344,0.280219932516489,4.133856589369758e-05,0.00585477320465495,0.9940400697710877,
persona_p2,numeric,396864,0.0,0.34034942735685203,0.21404107220370439,0.005888061034876075,0.2964793049786103,0.7902816669099489,
persona_label,numeric,396864,0.0,0.6736111111111112,0.8747194623141066,0.0,0.0,2.0,
persona_conf,numeric,396864,0.0,0.7286550879859004,0.13366464071381806,0.48923293817730773,0.726771069509637,0.9940400697710877,
proba_LBL_LIVELIHOOD,numeric,396864,0.0,0.04532313101263895,0.14453215450996806,0.0,0.0003198209002958,1.0,
proba_LBL_CARE,numeric,396864,0.0,0.07996748082853408,0.27066858455227616,0.0,0.0,1.0,
proba_LBL_HEALTH_MENTAL_DELTA,numeric,396864,0.0,0.04617998328441692,0.20835233706195574,0.0,0.0,1.0,
proba_LBL_DAILY_LONGTERM,numeric,396864,0.0,0.04228048287877809,0.200558065522296,0.0,0.0,1.0,
proba_LBL_HOUSING,numeric,396864,0.0,0.06045719139273366,0.19603820325267807,0.0,0.0,0.9807692307692308,
proba_LBL_EMPLOYMENT,numeric,396864,0.0,0.039912033176265384,0.14676937696429934,0.0,0.0,0.875,
proba_LBL_ISOLATION,numeric,396864,0.0,0.050499936974028874,0.2165159453162363,0.0,0.0,1.0,
pred_LBL_LIVELIHOOD,numeric,396864,0.0,0.012505543460732139,0.11112675125047021,0.0,0.0,1.0,
pred_LBL_CARE,numeric,396864,0.0,0.08143595791001451,0.2735034600682281,0.0,0.0,1.0,
pred_LBL_HEALTH_MENTAL_DELTA,numeric,396864,0.0,0.05976858571198194,0.2370575918927116,0.0,0.0,1.0,
pred_LBL_DAILY_LONGTERM,numeric,396864,0.0,0.048137397194000967,0.21405650699146697,0.0,0.0,1.0,
pred_LBL_HOUSING,numeric,396864,0.0,0.14494134010643445,0.3520416850808798,0.0,0.0,1.0,
pred_LBL_EMPLOYMENT,numeric,396864,0.0,0.09229610143525238,0.28944348514883866,0.0,0.0,1.0,
pred_LBL_ISOLATION,numeric,396864,0.0,0.0589622641509434,0.23555406079526153,0.0,0.0,1.0,
총인구수_std,numeric,396864,0.0,-0.09717722382793989,0.8083657720969408,-2.554948173888017,0.0,1.441125485105509,
1인가구수_std,numeric,396864,0.0,0.019959234384353243,0.80270371999801,-1.8391282777211726,0.0,2.2021451917283694,
야간상주지 변경 미추정 인구 수_std,numeric,396864,0.0,0.0,0.0,0.0,0.0,0.0,
야간상주지 변경횟수 평균_std,numeric,396864,0.0,0.1527956185065523,0.7871032382383061,-1.0825639122728181,0.0,2.627424902516807,
"야간상주지 변경횟수: 4분위수, 25%_std",numeric,396864,0.0,0.167533683800596,0.9874578311678686,0.0,0.0,6.070920339263514,
"야간상주지 변경횟수: 4분위수, 50%_std",numeric,396864,0.0,0.3162759280029161,0.478144404082923,0.0,0.0,1.7095112913514543,
"야간상주지 변경횟수: 4분위수, 75%_std",numeric,396864,0.0,0.22743692487799938,0.9906522424490316,-3.0029478851139335,0.0,2.2286577771836993,
주간상주지 변경 미추정 인구수_std,numeric,396864,0.0,0.0,0.0,0.0,0.0,0.0,
주간상주지 변경횟수 평균_std,numeric,396864,0.0,-0.19752901991088936,1.2912353878537823,-3.2138140616845923,0.0,2.3324573713919503,
"주간상주지 변경횟수: 4분위수, 25%_std",numeric,396864,0.0,0.38789676030735487,0.9951330667985921,0.0,0.0,3.5814242910889424,
"주간상주지 변경횟수: 4분위수, 50%_std",numeric,396864,0.0,-0.062541494326621,0.9568470412119213,-1.8910350654450603,0.0,2.5467943937968847,
"주간상주지 변경횟수: 4분위수, 75%_std",numeric,396864,0.0,-0.18423077340114652,1.2999724980296794,-3.1062837195053903,0.0,2.507873450250079,
출근 소요시간 미추정 인구수_std,numeric,396864,0.0,-0.0656806678536049,0.8596161937925222,-2.6792026996557707,0.0,1.716382588718784,
평균 출근 소요시간 평균_std,numeric,396864,0.0,-2.7520842452318472,6.695993834107435,-19.505838901859864,0.0,1.4982551643105884,
"평균 출근 소요시간: 4분위수, 25%_std",numeric,396864,0.0,-1.1915367821944616,3.3895486236781736,-12.282450406035588,0.0,1.7806344173560178,
"평균 출근 소요시간: 4분위수, 50%_std",numeric,396864,0.0,-2.2117809902220418,5.914741869137111,-18.01494337262607,0.0,2.5159167859215845,
"평균 출근 소요시간: 4분위수, 75%_std",numeric,396864,0.0,-2.115186416524168,5.3635774907540235,-17.70672784047188,0.0,1.618839583288328,
근무시간 미추정 인구수_std,numeric,396864,0.0,-0.06167112801361614,0.8639241572622689,-2.713106038113248,0.0,1.7360197535950792,
평균 근무시간 평균_std,numeric,396864,0.0,-8.793677766423421,20.540107804324393,-61.15045456330743,0.0,1.2761580027969976,
"평균 근무시간: 4분위수, 25%_std",numeric,396864,0.0,-3.018427929595483,7.084515002198591,-23.308078747576783,0.0,0.7681308918617943,
"평균 근무시간: 4분위수, 50%_std",numeric,396864,0.0,-10.636568352690741,25.07931861881523,-87.15359968824428,0.0,2.311538852269374,
"평균 근무시간: 4분위수, 75%_std",numeric,396864,0.0,-8.411162330144986,20.176906360183402,-60.79796211748763,0.0,0.9428106752696764,
소액결재 비사용 인구수_std,numeric,396864,0.0,-0.09807446725019311,0.8256483710947676,-2.594990796733728,0.0,1.4587512748415439,
소액결재 사용횟수 평균_std,numeric,396864,0.0,-0.6646639559122371,2.3733142267971696,-9.181287518936761,0.0,1.7649508243652072,
"소액결재 사용횟수: 4분위수, 25%_std",numeric,396864,0.0,-0.12709523213785975,1.0001643115918621,-3.350614338799566,0.0,1.649547826135683,
"소액결재 사용횟수: 4분위수, 50%_std",numeric,396864,0.0,0.15979242532694005,0.7792515661185204,-2.0312320053483326,0.0,1.0,
"소액결재 사용횟수: 4분위수, 75%_std",numeric,396864,0.0,-0.45302141891488895,0.9557414345861571,-3.6798011506840904,0.0,0.0,
소액결재 사용 금액 없는 인구수_std,numeric,396864,0.0,-0.09435032533671121,0.8440763100874558,-2.700594233657465,0.0,1.5101808059587003,
소액결재 사용금액 평균_std,numeric,396864,0.0,-0.2485334269070579,2.0453653969983807,-5.202664722794258,0.0,1.8822766994945848,
"소액결재 사용금액: 4분위수, 25%_std",numeric,396864,0.0,-0.11064746839941446,0.9514354864218362,-1.9982111140260923,0.0,2.000633637352141,
"소액결재 사용금액: 4분위수, 50%_std",numeric,396864,0.0,-0.08592473775176569,1.1876772220542196,-3.992745416387539,0.0,1.9123058421054537,
"소액결재 사용금액: 4분위수, 75%_std",numeric,396864,0.0,-1.297218775178333,6.9705131626436,-22.452394960500193,0.0,0.0,
최근 3개월 내 요금 연체 비율_std,numeric,396864,0.0,-0.09486380505668666,0.7675496679325524,-2.23112531953763,0.0,1.3462204399251116,
카카오톡 비사용 인구수_std,numeric,396864,0.0,-0.10569198572647232,0.9523654453350969,-2.9334547025271074,0.0,2.121854240360261,
SNS 사용횟수_std,numeric,396864,0.0,0.5353620919814286,0.7458668415072474,-0.12929049173812482,0.0,2.5837859754708714,
"SNS 사용횟수: 4분위수, 25%_std",numeric,396864,0.0,0.047764487822068914,1.0000376809376565,0.0,0.0,0.0,
"SNS 사용횟수: 4분위수, 50%_std",numeric,396864,0.0,0.6785136577619669,1.2052414437391006,0.0,0.0,4.7368506521275995,
"SNS 사용횟수: 4분위수, 75%_std",numeric,396864,0.0,0.02031746157425305,0.6212801804995025,-0.9956455306609255,0.0,1.2767028687962625,
평균 통화량_std,numeric,396864,0.0,-0.30878932249774754,1.072298121878823,-4.055955920897226,0.0,1.0800650003820425,
"평균 통화량: 4분위수, 25%_std",numeric,396864,0.0,-0.1323635691661002,0.8204154145614279,-2.370085260263213,0.0,1.2546427781708878,
"평균 통화량: 4분위수, 50%_std",numeric,396864,0.0,-0.23214342663278587,0.9244873677736279,-3.282102330848503,0.0,1.1762178156615297,
"평균 통화량: 4분위수, 75%_std",numeric,396864,0.0,-0.28614687605092376,1.0402779820055394,-3.8550908507202175,0.0,1.2141500946119195,
평균 문자량_std,numeric,396864,0.0,-0.052370560048849324,0.7936504612755774,-2.2616937699350514,0.0,1.5871824114675266,
"평균 문자량: 4분위수, 25%_std",numeric,396864,0.0,0.08610024682547192,1.0007028918702126,0.0,0.0,5.673841864312469,
"평균 문자량: 4분위수, 50%_std",numeric,396864,0.0,-0.21296958186514905,0.8685507580587973,-2.5863333412424745,0.0,1.6313372604334857,
"평균 문자량: 4분위수, 75%_std",numeric,396864,0.0,-0.053693744408161534,1.181597680675733,-2.983292176283567,0.0,2.5265964524550872,
평균 통화대상자 수_std,numeric,396864,0.0,-0.08988778815405088,0.676670424080616,-1.6835974525827657,0.0,1.009133947751613,
"평균 통화대상자 수: 4분위수, 25%_std",numeric,396864,0.0,-0.34359325820003433,0.982950140149191,-2.3283748093933543,0.0,1.4684103601583438,
"평균 통화대상자 수: 4분위수, 50%_std",numeric,396864,0.0,-0.08627647026601513,0.7268046211106846,-1.9808231456954444,0.0,1.3137647329941784,
"평균 통화대상자 수: 4분위수, 75%_std",numeric,396864,0.0,-0.03910288178318676,0.675441248951439,-1.5765446723448902,0.0,1.1269500252729063,
평균 문자대상자 수_std,numeric,396864,0.0,-0.16714980127594783,0.6955348802501821,-1.9622249543991899,0.0,0.966010909128918,
"평균 문자대상자 수: 4분위수, 25%_std",numeric,396864,0.0,-0.2519035891927323,0.5078833468701083,-1.0,0.0,0.6746624644110567,
"평균 문자대상자 수: 4분위수, 50%_std",numeric,396864,0.0,-0.43573111274661824,0.8003354851903868,-2.4822226709662067,0.0,1.0,
"평균 문자대상자 수: 4분위수, 75%_std",numeric,396864,0.0,-0.50558619087035,0.9228846560595538,-2.3283748093933543,0.0,0.7978525673185853,
데이터 사용량_std,numeric,396864,0.0,-0.047652530714092825,0.5649587761750078,-1.098701065183419,0.0,0.8637297990743338,
"데이터 사용량: 4분위수, 25%_std",numeric,396864,0.0,0.1731865820677976,0.5543258614682198,-0.597321188987299,0.0,1.3541000930993317,
"데이터 사용량: 4분위수, 50%_std",numeric,396864,0.0,0.08188596592206583,0.5583272247872416,-0.8277902312617602,0.0,1.1422329659457087,
"데이터 사용량: 4분위수, 75%_std",numeric,396864,0.0,-0.028830562704395473,0.5547065165078663,-1.0713341299030912,0.0,0.8390044342776887,
평일 총 이동 횟수 미추정 인구수_std,numeric,396864,0.0,-0.07782879224317177,0.8804938858048308,-2.699698673449179,0.0,1.89799328657658,
평일 총 이동 횟수_std,numeric,396864,0.0,-0.16398065087974167,0.9412937914427627,-3.1129166758150992,0.0,1.2585538284554878,
"평일 총 이동 횟수: 4분위수, 25%_std",numeric,396864,0.0,-0.06627299003330997,0.7654359351975906,-2.2464917351269644,0.0,1.2097314870259086,
"평일 총 이동 횟수: 4분위수, 50%_std",numeric,396864,0.0,-0.2849608540527488,0.9777954735584589,-3.441703162509029,0.0,0.872464532684598,
"평일 총 이동 횟수: 4분위수, 75%_std",numeric,396864,0.0,-0.3050266318954466,1.3633601020016803,-5.459877428982746,0.0,1.7390704015594727,
휴일 이동 미추정 인구수_std,numeric,396864,0.0,-0.06377061760967143,0.8632329810292679,-2.5013158038087333,0.0,1.9419636229408463,
휴일 총 이동 횟수 평균_std,numeric,396864,0.0,-0.19387184211089983,0.9240435749863567,-3.076288820126535,0.0,1.28961611042787,
"휴일 총 이동 횟수: 4분위수, 25%_std",numeric,396864,0.0,-0.1805550056379442,0.9425069724194666,-3.1018419049164137,0.0,1.5618848473948233,
"휴일 총 이동 횟수: 4분위수, 50%_std",numeric,396864,0.0,-0.3498559736401261,1.1322040206444066,-3.9183020833266635,0.0,1.7017221145838388,
"휴일 총 이동 횟수: 4분위수, 75%_std",numeric,396864,0.0,-0.2161955689866881,1.0643026232667099,-3.730830623889734,0.0,1.7017221145838388,
집 추정 위치 평일 총 체류시간 미추정 인구수_std,numeric,396864,0.0,-0.10291219239770641,0.7453254775636342,-1.7358103311888988,0.0,1.2907148514828426,
집 추정 위치 평일 총 체류시간_std,numeric,396864,0.0,0.04627499032284042,0.7586714897257416,-1.4569024000336543,-4.578730193523792e-15,1.8565623611476123,
"집 추정 위치 평일 총 체류시간: 4분위수, 25%_std",numeric,396864,0.0,0.15516171577349172,0.8450605120236814,-1.2533273400796006,0.0,2.4780167707414815,
"집 추정 위치 평일 총 체류시간: 4분위수, 50%_std",numeric,396864,0.0,0.03574584000854869,0.6880849234257048,-1.2004313775913522,0.0,1.5734762693834026,
"집 추정 위치 평일 총 체류시간: 4분위수, 75%_std",numeric,396864,0.0,-0.06228146518755268,0.699878225284696,-1.7481796481707972,0.0,1.2516995083750073,
집 추정 위치 휴일 총 체류시간 미추정 인구수_std,numeric,396864,0.0,-0.12288701150582765,0.8106156292035457,-2.0,0.0,1.3136596536165892,
집 추정 위치 휴일 총 체류시간_std,numeric,396864,0.0,0.05756672678679608,0.7681393115240364,-1.5832686877428814,0.0,1.9501472062396317,
"집 추정 위치 휴일 총 체류시간: 4분위수, 25%_std",numeric,396864,0.0,0.05646989104385952,0.808226530173133,-1.5939505108200542,0.0,2.0126639547711878,
"집 추정 위치 휴일 총 체류시간: 4분위수, 50%_std",numeric,396864,0.0,0.05016311361678223,0.7661435112427516,-1.5796307686539979,0.0,1.8850951126668731,
"집 추정 위치 휴일 총 체류시간: 4분위수, 75%_std",numeric,396864,0.0,0.039426600248301476,0.7560083204995168,-1.6529984791542112,0.0,1.8361707329261099,
평일 총 이동 거리 미추정 인구수_std,numeric,396864,0.0,-0.07426230309849328,0.8757941914113538,-2.636017833970073,0.0,1.8782623679770756,
평일 총 이동 거리 합계_std,numeric,396864,0.0,-0.026144456717246013,0.7439520724368659,-2.0963137413161967,0.0,1.2263934262708018,
"평일 총 이동 거리 합계: 4분위수, 25%_std",numeric,396864,0.0,-0.10784515772371926,0.7670835918446739,-2.227394290554165,0.0,1.2248188746362831,
"평일 총 이동 거리 합계: 4분위수, 50%_std",numeric,396864,0.0,-0.11284511649820891,0.7844767737083539,-2.4025663630462963,0.0,1.20372586002752,
"평일 총 이동 거리 합계: 4분위수, 75%_std",numeric,396864,0.0,-0.020088108414646436,0.7743123255756013,-2.2583211043458076,0.0,1.2746115801865978,
휴일 총 이동 거리 미추정 인구수_std,numeric,396864,0.0,-0.061131319194242195,0.8516461764392321,-2.450586611904107,0.0,1.8843252514464428,
휴일 총 이동 거리 합계_std,numeric,396864,0.0,-0.1573659708459725,0.8841985947550708,-2.853326946263924,0.0,1.2378722786095337,
"휴일 총 이동 거리 합계: 4분위수, 25%_std",numeric,396864,0.0,-0.16584739995951356,0.9203904744571041,-2.6915389569587136,0.0,1.71209717102718,
"휴일 총 이동 거리 합계: 4분위수, 50%_std",numeric,396864,0.0,-0.1851353398641018,0.924335640320764,-3.0725813999106815,0.0,1.3177454896482088,
"휴일 총 이동 거리 합계: 4분위수, 75%_std",numeric,396864,0.0,-0.17057484849818097,0.9336650940013709,-3.11050311589138,0.0,1.340105564863204,
지하철 이용 미추정 인구수_std,numeric,396864,0.0,-0.05014569697732139,0.8500170219247286,-2.406437325645325,0.0,1.8983069384676938,
지하철이동일수 합계_std,numeric,396864,0.0,-0.13672175361397168,0.7322480060591056,-2.149897015301274,0.0,0.9978497524046375,
"지하철이동일수 합계: 4분위수, 25%_std",numeric,396864,0.0,-0.034961688158276376,0.7237772732657884,-1.6738383435292632,0.0,1.3768394244931401,
"지하철이동일수 합계: 4분위수, 50%_std",numeric,396864,0.0,-0.17433360196078038,0.7228600255151856,-2.3183875722237457,0.0,0.8549567719788801,
"지하철이동일수 합계: 4분위수, 75%_std",numeric,396864,0.0,-0.37757194667901306,1.1091947865592366,-4.487787332820566,0.0,0.93115155507637,
게임 서비스 사용 미추정 인구수_std,numeric,396864,0.0,-0.0842713349573401,0.9006231976282448,-3.5016008315052796,0.0,2.014141134432722,
게임 서비스 사용일수_std,numeric,396864,0.0,0.09873036754681282,0.6649591602082173,-1.2331431731666442,0.0,1.4393903352784918,
"게임 서비스 사용일수: 4분위수, 25%_std",numeric,396864,0.0,0.011665197607131982,0.7017939012152964,-1.7192455846657981,0.0,1.4780977996669036,
"게임 서비스 사용일수: 4분위수, 50%_std",numeric,396864,0.0,0.18288628380684308,0.7434338334902735,-1.1162658697291747,0.0,2.084648902238137,
"게임 서비스 사용일수: 4분위수, 75%_std",numeric,396864,0.0,0.15231099009715435,0.6840615632857819,-1.097660027376738,0.0,1.7317437682546923,
금융 서비스 사용 미추정 인구수_std,numeric,396864,0.0,-0.08652163054536197,0.8933133045803588,-2.659943940933688,0.0,1.9443500602600128,
금융 서비스 사용일수_std,numeric,396864,0.0,-0.26084863322014423,0.6888388118269159,-2.0583187042263584,0.0,0.5795900664600139,
"금융 서비스 사용일수: 4분위수, 25%_std",numeric,396864,0.0,-0.23518408377054664,0.6110728087848767,-1.6717203147551427,0.0,0.5698195082797829,
"금융 서비스 사용일수: 4분위수, 50%_std",numeric,396864,0.0,-0.2731625493914064,0.6911351106619682,-2.093281037583462,0.0,0.5973971367498483,
"금융 서비스 사용일수: 4분위수, 75%_std",numeric,396864,0.0,-0.25800888566443203,0.7114659407966417,-2.182049833241844,0.0,0.6170622110061307,
쇼핑 서비스 사용 미추정 인구수_std,numeric,396864,0.0,-0.07193246471267091,0.9105879078736931,-3.5779776773042173,0.0,2.0685263848447413,
쇼핑 서비스 사용일수_std,numeric,396864,0.0,-0.2262341215673588,0.6912565985047853,-2.1369041996744795,0.0,0.60333198693068,
"쇼핑 서비스 사용일수: 4분위수, 25%_std",numeric,396864,0.0,-0.2052924063154943,0.6377161969939981,-1.8289505687673138,0.0,0.6547372990464795,
"쇼핑 서비스 사용일수: 4분위수, 50%_std",numeric,396864,0.0,-0.22661672821578055,0.6613166426290613,-1.894934404789506,0.0,0.5787718082089505,
"쇼핑 서비스 사용일수: 4분위수, 75%_std",numeric,396864,0.0,-0.236190248278353,0.7277216731557121,-2.2915099209022785,0.0,0.6613697032574893,
동영상/방송 서비스 사용 미추정 인구수_std,numeric,396864,0.0,-0.08696834210522353,0.8563890726536834,-2.5149487620895545,0.0,1.8431866738667344,
동영상/방송 서비스 사용일수_std,numeric,396864,0.0,-0.1794904421542155,0.66055179343051,-1.9313072591471232,0.0,0.7409287807220073,
"동영상/방송 서비스 사용일수: 4분위수, 25%_std",numeric,396864,0.0,-0.1330796509304099,0.6228093705418836,-1.5977269340217946,0.0,0.9736996180585319,
"동영상/방송 서비스 사용일수: 4분위수, 50%_std",numeric,396864,0.0,-0.17308068912499183,0.6605238837689609,-1.8947920509876153,0.0,0.786414642585958,
"동영상/방송 서비스 사용일수: 4분위수, 75%_std",numeric,396864,0.0,-0.1928815678213046,0.7032267848906082,-2.247801491369856,0.0,0.7784191438063784,
유튜브 사용 미추정 인구수_std,numeric,396864,0.0,-0.09967863220770357,0.9549984284512909,-2.997694529527714,0.0,2.141454792079941,
유튜브 사용일수_std,numeric,396864,0.0,0.5394247063992386,0.8455251460440776,0.0,0.0,2.864547193754403,
"유튜브 사용일수: 4분위수, 25%_std",numeric,396864,0.0,0.4115885767742955,1.0000959149153639,0.0,0.0,3.9593367771362664,
"유튜브 사용일수: 4분위수, 50%_std",numeric,396864,0.0,0.36725837666241895,0.6401112769268663,-0.2642548969192327,0.0,1.8543902566313046,
"유튜브 사용일수: 4분위수, 75%_std",numeric,396864,0.0,-0.0016873976579682521,0.6326722717070876,-1.150622751426677,0.0,1.1130929746614544,
넷플릭스 사용 미추정 인구수_std,numeric,396864,0.0,-0.0817944698409432,0.7711241172813746,-2.3241482734744427,0.0,1.3053413890729169,
넷플릭스 사용일수_std,numeric,396864,0.0,0.03214037558952575,0.9873600095103816,0.0,0.0,0.0,
"넷플릭스 사용일수: 4분위수, 25%_std",numeric,396864,0.0,0.006475249101423881,0.7510537855610436,0.0,0.0,0.0,
"넷플릭스 사용일수: 4분위수, 50%_std",numeric,396864,0.0,0.1697011358572921,1.0059743215614703,0.0,0.0,4.567347922045438,
"넷플릭스 사용일수: 4분위수, 75%_std",numeric,396864,0.0,0.4323031358119248,0.5205216212245556,-0.05219972763453212,0.0,1.4191168998951704,
배달 서비스 사용 미추정 인구수_std,numeric,396864,0.0,-0.08462764870444923,0.6933274225646291,-1.899437989859038,0.0,1.1483641781604537,
배달 서비스 사용일수_std,numeric,396864,0.0,-0.15731596356762442,0.7712303158220535,-2.63179533693741,0.0,0.9381897223248558,
"배달 서비스 사용일수: 4분위수, 25%_std",numeric,396864,0.0,0.03513603280882176,0.6765252719823784,-1.482222670966207,0.0,1.7527995810585135,
"배달 서비스 사용일수: 4분위수, 50%_std",numeric,396864,0.0,-0.09728565541019446,0.6822630100835331,-1.9255684897817087,0.0,1.0796205603207276,
"배달 서비스 사용일수: 4분위수, 75%_std",numeric,396864,0.0,-0.1645060726008909,0.7539546717660224,-2.5505371986566026,0.0,0.9090128722870238,
배달_브랜드 서비스 사용 미추정 인구수_std,numeric,396864,0.0,-0.09780674906824918,0.8289567661584462,-2.6316743250506334,0.0,1.4523768527562297,
배달_브랜드 서비스 사용일수_std,numeric,396864,0.0,-0.5348476895789902,1.7508358856239004,-6.062794945114967,0.0,2.024513125994619,
"배달_브랜드 서비스 사용일수: 4분위수, 25%_std",numeric,396864,0.0,-0.17498005853353066,1.0028096072778887,-2.8178605218179897,0.0,2.323203471296768,
"배달_브랜드 서비스 사용일수: 4분위수, 50%_std",numeric,396864,0.0,0.08741630420614346,1.1336650705668239,-2.4630820702323253,0.0,3.0850497461101445,
"배달_브랜드 서비스 사용일수: 4분위수, 75%_std",numeric,396864,0.0,-0.21887709531899402,0.973971529779026,-3.133821378464995,0.0,1.7527995810585135,
배달_식재료 서비스 사용 미추정 인구수_std,numeric,396864,0.0,-0.10080900607976923,0.8217426991369163,-2.5826864188778504,0.0,1.4457492459904604,
배달_식재료 서비스 사용일수_std,numeric,396864,0.0,-0.46811263835943534,1.000595595102365,-2.896037359999167,0.0,0.0,
"배달_식재료 서비스 사용일수: 4분위수, 25%_std",numeric,396864,0.0,-0.46811263835943534,1.000595595102365,-2.896037359999167,0.0,0.0,
"배달_식재료 서비스 사용일수: 4분위수, 50%_std",numeric,396864,0.0,-0.46811263835943534,1.000595595102365,-2.896037359999167,0.0,0.0,
"배달_식재료 서비스 사용일수: 4분위수, 75%_std",numeric,396864,0.0,-0.46811263835943534,1.000595595102365,-2.896037359999167,0.0,0.0,
총인구_std,numeric,396864,0.0,-0.0028070814539196383,0.1301353930066927,-0.21829130420733267,0.0,0.1964358421050141,
persona_p0_std,numeric,396864,0.0,-0.21022027881019956,0.5916606498499852,-1.3574155210700487,6.825560895564603e-17,0.49517758261398,
persona_p1_std,numeric,396864,0.0,1.7177405559808165,3.6553112860466563,-0.16072947894711156,0.0,14.395242370252742,
persona_p2_std,numeric,396864,0.0,0.07831532220887191,0.5883682861515533,-0.9523322321446909,0.0,1.2177032262883822,
persona_label_std,numeric,396864,0.0,0.36907090895595984,0.47240754041758726,0.0,0.0,1.5849625007211563,
persona_conf_std,numeric,396864,0.0,-0.01652060681839801,0.6035858987477459,-1.1661962427230872,4.2492297183606594e-16,1.1050089327199704,
proba_LBL_LIVELIHOOD_std,numeric,396864,0.0,37.30434679306794,421.1815288429334,-1.225121152097124,0.0,840.0247037398924,
proba_LBL_CARE_std,numeric,396864,0.0,0.2951356246651156,1.0001826145169528,0.0,0.0,3.964576186625117,
proba_LBL_HEALTH_MENTAL_DELTA_std,numeric,396864,0.0,0.22420556473416325,1.000187310236906,0.0,0.0,4.603495792915741,
proba_LBL_DAILY_LONGTERM_std,numeric,396864,0.0,0.212979203663601,1.0007841549780505,0.0,0.0,4.600850287399943,
proba_LBL_HOUSING_std,numeric,396864,0.0,208.51170980272394,833.9363231097425,-1.0,0.0,5341.462602918777,
proba_LBL_EMPLOYMENT_std,numeric,396864,0.0,59.44195798012765,302.0110593839138,-0.18319970661203375,0.0,2068.65055988526,
proba_LBL_ISOLATION_std,numeric,396864,0.0,0.2346179854477438,1.000025485351571,0.0,0.0,4.763437637917352,
pred_LBL_LIVELIHOOD_std,numeric,396864,0.0,0.05730504128279461,0.9798346055112609,0.0,0.0,2.5878119407851736,
pred_LBL_CARE_std,numeric,396864,0.0,0.2971227220012824,1.0002221135730853,0.0,0.0,3.966669778563671,
pred_LBL_HEALTH_MENTAL_DELTA_std,numeric,396864,0.0,0.2520030382864333,0.9999883907138233,0.0,0.0,4.320176260217999,
pred_LBL_DAILY_LONGTERM_std,numeric,396864,0.0,0.21456233406927794,1.002422876812198,0.0,0.0,4.3775946145288085,
pred_LBL_HOUSING_std,numeric,396864,0.0,0.40478651393149767,1.004437878453868,0.0,0.0,2.8977659240209603,
pred_LBL_EMPLOYMENT_std,numeric,396864,0.0,0.30496845628784947,0.9911172606641447,0.0,0.0,3.892259438973133,
pred_LBL_ISOLATION_std,numeric,396864,0.0,0.2499818837247078,1.0000559651223535,0.0,0.0,4.445269249704081,
총인구수_std_delta3m,numeric,345984,0.1282051282051282,0.0033469379044274955,0.01697683854263697,-0.03690257269847097,0.00135174496262086,0.037580361532115636,
1인가구수_std_delta3m,numeric,345984,0.1282051282051282,-1.6992178883932165e-05,0.003053942620984496,-0.00486740747104715,-0.0009011259419333707,0.006741030989473028,
야간상주지 변경 미추정 인구 수_std_delta3m,numeric,345984,0.1282051282051282,0.0,0.0,0.0,0.0,0.0,
야간상주지 변경횟수 평균_std_delta3m,numeric,345984,0.1282051282051282,0.0036672501459858167,0.026102145186308403,-0.061724199692532955,0.0031375909692388654,0.06126940029831589,
"야간상주지 변경횟수: 4분위수, 25%_std_delta3m",numeric,345984,0.1282051282051282,0.00013411054494095773,0.024226002368602596,-0.05308331828967165,-0.00383076092978743,0.059532219846008635,
"야간상주지 변경횟수: 4분위수, 50%_std_delta3m",numeric,345984,0.1282051282051282,-0.007110948301853937,0.043832930593749604,-0.10274439784516828,-0.013115566436262521,0.11278103380921053,
"야간상주지 변경횟수: 4분위수, 75%_std_delta3m",numeric,345984,0.1282051282051282,-0.013462334750005158,0.037960564478641254,-0.08008934773371493,-0.023253647110663397,0.07700211444379532,
주간상주지 변경 미추정 인구수_std_delta3m,numeric,345984,0.1282051282051282,0.0,0.0,0.0,0.0,0.0,
주간상주지 변경횟수 평균_std_delta3m,numeric,345984,0.1282051282051282,0.0034031046860181578,0.03795094388075631,-0.09950566227656805,0.0020378476597927853,0.10394570259875548,
"주간상주지 변경횟수: 4분위수, 25%_std_delta3m",numeric,345984,0.1282051282051282,-0.012198296761996314,0.11775444476533395,-0.33193130800779247,-0.0024361914234626303,0.33157604391647655,
"주간상주지 변경횟수: 4분위수, 50%_std_delta3m",numeric,345984,0.1282051282051282,-0.016401164840368496,0.21167924176065708,-0.6609687385501578,-0.01650955307412868,0.6089721074389588,
"주간상주지 변경횟수: 4분위수, 75%_std_delta3m",numeric,345984,0.1282051282051282,-0.025786867589612076,0.06229104688697995,-0.14221683319177533,-0.0262453400430792,0.11518298421662183,
출근 소요시간 미추정 인구수_std_delta3m,numeric,345984,0.1282051282051282,0.0036348617320893775,0.008224544326619329,-0.010736085641642953,0.002047180293612425,0.019167102942765718,
평균 출근 소요시간 평균_std_delta3m,numeric,345984,0.1282051282051282,-0.013271476239898937,0.1092649768521783,-0.16304879862119748,-0.028063514079900598,0.2791270140140423,
"평균 출근 소요시간: 4분위수, 25%_std_delta3m",numeric,345984,0.1282051282051282,0.017228686097813962,0.29258808710528683,-0.93357988032431,0.010435999418861641,0.5693243048684602,
"평균 출근 소요시간: 4분위수, 50%_std_delta3m",numeric,345984,0.1282051282051282,-0.03138552871141624,0.5520054339118436,-0.9808501732477848,-0.06321497590836822,1.2166641962050713,
"평균 출근 소요시간: 4분위수, 75%_std_delta3m",numeric,345984,0.1282051282051282,0.020074368114103052,0.4581615906645528,-1.2340412683138713,-0.012661834754895684,0.8954942260230545,
근무시간 미추정 인구수_std_delta3m,numeric,345984,0.1282051282051282,0.0039071108793335176,0.010269767813280149,-0.011931899860324821,0.0009037063428053924,0.02413874120848173,
평균 근무시간 평균_std_delta3m,numeric,345984,0.1282051282051282,-0.06826787953328176,0.6341474550519763,-1.1825439919477914,0.06390689176825681,1.0320608095396242,
"평균 근무시간: 4분위수, 25%_std_delta3m",numeric,345984,0.1282051282051282,-0.022505431708403405,0.4048997429566173,-0.633722670354798,-0.06141322250697434,1.0477218439152862,
"평균 근무시간: 4분위수, 50%_std_delta3m",numeric,345984,0.1282051282051282,-0.1331905507189728,1.6912402174714198,-3.445783863844996,0.032684361488892755,3.0624514551337114,
"평균 근무시간: 4분위수, 75%_std_delta3m",numeric,345984,0.1282051282051282,-0.25632314894802727,1.4325588632830022,-3.8612041567878466,-0.046682133190817154,2.5050822662766477,
소액결재 비사용 인구수_std_delta3m,numeric,345984,0.1282051282051282,0.0028039635204239206,0.006591617579736005,-0.005452434587242719,0.0013029557957653926,0.02540663453832097,
소액결재 사용횟수 평균_std_delta3m,numeric,345984,0.1282051282051282,0.004185559350872203,0.030974359210800797,-0.05882611906717661,0.003171505988387613,0.07970838973565797,
"소액결재 사용횟수: 4분위수, 25%_std_delta3m",numeric,345984,0.1282051282051282,0.003853128571218517,0.013323976969935342,-0.020477444743689566,0.0014034996912862113,0.03692391544929649,
"소액결재 사용횟수: 4분위수, 50%_std_delta3m",numeric,345984,0.1282051282051282,0.007602679985732362,0.018238858429353046,-0.03126830192358321,0.0069879811227025745,0.04505693083723181,
"소액결재 사용횟수: 4분위수, 75%_std_delta3m",numeric,345984,0.1282051282051282,-0.0002010375204700122,0.0236957354339096,-0.05368460545956305,0.0029593757829566025,0.05252383186099224,
소액결재 사용 금액 없는 인구수_std_delta3m,numeric,345984,0.1282051282051282,0.003148059599736169,0.006441767159049099,-0.004311572820133003,0.0006357583158040983,0.02451272375369197,
소액결재 사용금액 평균_std_delta3m,numeric,345984,0.1282051282051282,0.004587687187472336,0.025114688950672738,-0.03359491939576076,-0.0010408217952923293,0.07958460752126154,
"소액결재 사용금액: 4분위수, 25%_std_delta3m",numeric,345984,0.1282051282051282,0.0007754908221697347,0.041663062627149694,-0.0712326217371803,-0.002114679995712049,0.07218888311491829,
"소액결재 사용금액: 4분위수, 50%_std_delta3m",numeric,345984,0.1282051282051282,0.0032903150655411114,0.03179016280262271,-0.07436584130925965,-0.001020460270905986,0.0813673480738515,
"소액결재 사용금액: 4분위수, 75%_std_delta3m",numeric,345984,0.1282051282051282,0.07009147905667076,1.1921833825643844,-1.6731866836686762,-0.012149768331097016,4.200775795138746,
최근 3개월 내 요금 연체 비율_std_delta3m,numeric,345984,0.1282051282051282,-0.0008845281005685347,0.04640470748959081,-0.09669691115165956,-0.0006851915807490755,0.09545836420397999,
카카오톡 비사용 인구수_std_delta3m,numeric,345984,0.1282051282051282,0.002634973789296727,0.01001410034362056,-0.01273937137897789,0.0009261436715240975,0.0426145732141545,
SNS 사용횟수_std_delta3m,numeric,345984,0.1282051282051282,-0.002802059229992334,0.026732030054729745,-0.05258292340993087,-0.0005505047782520811,0.057551797842051555,
"SNS 사용횟수: 4분위수, 25%_std_delta3m",numeric,345984,0.1282051282051282,5.048465223570238e-07,0.00891295186089711,-0.021519237215275863,0.00010394911408957708,0.013913796898014821,
"SNS 사용횟수: 4분위수, 50%_std_delta3m",numeric,345984,0.1282051282051282,-0.02531657890497759,0.05187171489186185,-0.1683230299350127,-0.010272393274773861,0.08020491560467413,
"SNS 사용횟수: 4분위수, 75%_std_delta3m",numeric,345984,0.1282051282051282,-0.002605543115167228,0.018139266314775443,-0.03585226031628942,-0.006190546043212555,0.038006504858453596,
평균 통화량_std_delta3m,numeric,345984,0.1282051282051282,0.006137089884820267,0.014858763051153074,-0.02453745528874557,0.007293696806289635,0.029360280133995886,
"평균 통화량: 4분위수, 25%_std_delta3m",numeric,345984,0.1282051282051282,0.0065878131093637955,0.1055232153262049,-0.27107202912490724,-0.004842173355432133,0.2547338924713183,
"평균 통화량: 4분위수, 50%_std_delta3m",numeric,345984,0.1282051282051282,0.004918805979372489,0.04571152263084517,-0.08630505144843664,0.013012708526963485,0.1150505246493021,
"평균 통화량: 4분위수, 75%_std_delta3m",numeric,345984,0.1282051282051282,0.004977412950005766,0.027054432161490286,-0.04793571810714545,0.0033901595261605633,0.08602928824324232,
평균 문자량_std_delta3m,numeric,345984,0.1282051282051282,0.0030415496817314575,0.007021363347547938,-0.014052401190709517,0.0038712000820906173,0.016658388620700904,
"평균 문자량: 4분위수, 25%_std_delta3m",numeric,345984,0.1282051282051282,-0.005554747056488778,0.02761513108462147,-0.09776256483388318,0.0004202858063192677,0.03370978972004287,
"평균 문자량: 4분위수, 50%_std_delta3m",numeric,345984,0.1282051282051282,-0.021863789039905695,0.1477395426015329,-0.5209972546759635,0.0011317401917345926,0.26938191062020655,
"평균 문자량: 4분위수, 75%_std_delta3m",numeric,345984,0.1282051282051282,0.008414785299193622,0.2777314021853556,-0.5068236642061064,-0.0002694237322535542,0.6154221354941322,
평균 통화대상자 수_std_delta3m,numeric,345984,0.1282051282051282,-0.005020538439976063,0.006032761918834406,-0.018997514149772382,-0.003187420058193953,0.0032479280463730553,
"평균 통화대상자 수: 4분위수, 25%_std_delta3m",numeric,345984,0.1282051282051282,-0.024716476039948115,0.13344944434117859,-0.20654375984436596,-0.037830548267703976,0.48021561279310054,
"평균 통화대상자 수: 4분위수, 50%_std_delta3m",numeric,345984,0.1282051282051282,-0.007701348261544749,0.06858492409546453,-0.08330871313766308,-0.024196364640188324,0.24244086820749813,
"평균 통화대상자 수: 4분위수, 75%_std_delta3m",numeric,345984,0.1282051282051282,-0.0003019429872566754,0.050120885885985095,-0.09914803048242193,-0.009328506272624548,0.15211782615599748,
평균 문자대상자 수_std_delta3m,numeric,345984,0.1282051282051282,-0.0008332057720492916,0.006282624205454464,-0.01194352821774236,-0.000877631093458453,0.012324610797110891,
"평균 문자대상자 수: 4분위수, 25%_std_delta3m",numeric,345984,0.1282051282051282,0.001987900453299321,0.0312730093825887,-0.051006310834918744,-0.0033888254413007163,0.06060034783972745,
"평균 문자대상자 수: 4분위수, 50%_std_delta3m",numeric,345984,0.1282051282051282,0.0023023651090567938,0.26322640781909734,-0.9184872184361306,0.0007094612458715677,0.6368235768849912,
"평균 문자대상자 수: 4분위수, 75%_std_delta3m",numeric,345984,0.1282051282051282,-0.009406685561413315,0.06055678328344553,-0.12423227332809633,-0.01834722494965657,0.09204973311467307,
데이터 사용량_std_delta3m,numeric,345984,0.1282051282051282,-0.004974045927162904,0.00790955496980241,-0.02023928668715181,-0.005556638361727262,0.014358847005416269,
"데이터 사용량: 4분위수, 25%_std_delta3m",numeric,345984,0.1282051282051282,-0.005719775466806117,0.013142973688112772,-0.029847705217285594,-0.007613278968184201,0.027204331460842945,
"데이터 사용량: 4분위수, 50%_std_delta3m",numeric,345984,0.1282051282051282,-0.0069137758954955775,0.012566757549596632,-0.023607994711269075,-0.008797087419498376,0.030885605642262656,
"데이터 사용량: 4분위수, 75%_std_delta3m",numeric,345984,0.1282051282051282,-0.00708007447792468,0.0089009723425821,-0.023176974723662543,-0.007148825991722611,0.00959816011343637,
평일 총 이동 횟수 미추정 인구수_std_delta3m,numeric,345984,0.1282051282051282,-0.0005140931010257076,0.0069929896813477,-0.012799156652344781,-0.0016157522145406888,0.025662422291537146,
평일 총 이동 횟수_std_delta3m,numeric,345984,0.1282051282051282,-0.007079811906887353,0.027635439752400872,-0.047517046633792304,-0.00806527528842764,0.049061828907511956,
"평일 총 이동 횟수: 4분위수, 25%_std_delta3m",numeric,345984,0.1282051282051282,-0.0022216368958435165,0.04992967806585333,-0.10252541672094749,-0.002885686762879428,0.1059656415069371,
"평일 총 이동 횟수: 4분위수, 50%_std_delta3m",numeric,345984,0.1282051282051282,-0.002375517304539147,0.08677603818294188,-0.17102638404316536,-0.0037429283363730748,0.18234922628322084,
"평일 총 이동 횟수: 4분위수, 75%_std_delta3m",numeric,345984,0.1282051282051282,-0.003215643258660361,0.11630252893712312,-0.2519000492578488,0.004169180401113748,0.33394917947866565,
휴일 이동 미추정 인구수_std_delta3m,numeric,345984,0.1282051282051282,0.00012292672546350883,0.005375714201591449,-0.009760057867020645,0.0002508712593194233,0.012970883377377854,
휴일 총 이동 횟수 평균_std_delta3m,numeric,345984,0.1282051282051282,-0.006916804894695569,0.018074129271001847,-0.03733361878535407,-0.0033237683915762484,0.026099302053742057,
"휴일 총 이동 횟수: 4분위수, 25%_std_delta3m",numeric,345984,0.1282051282051282,-0.017468075663928922,0.24611214018072244,-0.4502894882808233,0.007025940633375305,0.5060783073936908,
"휴일 총 이동 횟수: 4분위수, 50%_std_delta3m",numeric,345984,0.1282051282051282,0.008763078956195082,0.21107336781985184,-0.47965694982881446,0.030407432441807825,0.4086997986206029,
"휴일 총 이동 횟수: 4분위수, 75%_std_delta3m",numeric,345984,0.1282051282051282,-0.015671866583598305,0.20597265003983647,-0.32283727687543,-0.007841801066961057,0.47753321393376463,
집 추정 위치 평일 총 체류시간 미추정 인구수_std_delta3m,numeric,345984,0.1282051282051282,-0.0005278183419635871,0.016203063097768797,-0.03067864494936977,-0.0017744409804506117,0.03429008112501902,
집 추정 위치 평일 총 체류시간_std_delta3m,numeric,345984,0.1282051282051282,0.004177960135018218,0.012560243933953582,-0.018640619992096277,0.002265564688843605,0.023997363973542966,
"집 추정 위치 평일 총 체류시간: 4분위수, 25%_std_delta3m",numeric,345984,0.1282051282051282,0.0018101744088785607,0.013606767810500265,-0.02862511191161915,0.0029756561976058277,0.0313870261411833,
"집 추정 위치 평일 총 체류시간: 4분위수, 50%_std_delta3m",numeric,345984,0.1282051282051282,0.004856773561064522,0.013275219478363518,-0.015942314948152056,0.006155280649554465,0.03356005101098594,
"집 추정 위치 평일 총 체류시간: 4분위수, 75%_std_delta3m",numeric,345984,0.1282051282051282,0.006944072832875904,0.011197904949346516,-0.018975292893007263,0.008650295291812032,0.023446481909792632,
집 추정 위치 휴일 총 체류시간 미추정 인구수_std_delta3m,numeric,345984,0.1282051282051282,-6.76769603647801e-05,0.013733645250455524,-0.02200436549750147,-0.001311248563056297,0.03190689598875418,
집 추정 위치 휴일 총 체류시간_std_delta3m,numeric,345984,0.1282051282051282,0.0005599171753554845,0.014514819811846304,-0.03112478073536855,0.0026346970294633294,0.03914591886459613,
"집 추정 위치 휴일 총 체류시간: 4분위수, 25%_std_delta3m",numeric,345984,0.1282051282051282,1.2105736965784377e-06,0.012730279075948077,-0.028118327137356916,0.0004148257004341696,0.029491589956394317,
"집 추정 위치 휴일 총 체류시간: 4분위수, 50%_std_delta3m",numeric,345984,0.1282051282051282,0.0016222001281304191,0.015872083301035237,-0.0316993906483515,0.0030271965509645025,0.04253812835559202,
"집 추정 위치 휴일 총 체류시간: 4분위수, 75%_std_delta3m",numeric,345984,0.1282051282051282,0.0021957245819613697,0.01411689675799946,-0.02565798826751184,0.001031750251230758,0.037858347572001114,
평일 총 이동 거리 미추정 인구수_std_delta3m,numeric,345984,0.1282051282051282,-0.0013181007750984982,0.009253020620517128,-0.021378941017840436,-0.0003617252219198161,0.019757215550440257,
평일 총 이동 거리 합계_std_delta3m,numeric,345984,0.1282051282051282,-0.008483349401524221,0.03318095756864921,-0.06204688757230412,-0.00656146543115492,0.060814673464356477,
"평일 총 이동 거리 합계: 4분위수, 25%_std_delta3m",numeric,345984,0.1282051282051282,-0.008699630998262667,0.07243843854870809,-0.1594360570420258,0.006768966949644205,0.10584981201023082,
"평일 총 이동 거리 합계: 4분위수, 50%_std_delta3m",numeric,345984,0.1282051282051282,-0.006393997014446935,0.03269770073767705,-0.08484595724117597,-0.0006431533006129309,0.07154243170046441,
"평일 총 이동 거리 합계: 4분위수, 75%_std_delta3m",numeric,345984,0.1282051282051282,-0.006467612088053309,0.0430438347244869,-0.09187010051034974,-0.010503213145241847,0.10485460367338797,
휴일 총 이동 거리 미추정 인구수_std_delta3m,numeric,345984,0.1282051282051282,0.0006376690585255223,0.0076900212867653485,-0.013589223404803306,0.0022245775477921018,0.021395830630909066,
휴일 총 이동 거리 합계_std_delta3m,numeric,345984,0.1282051282051282,-0.007919537509854375,0.04181414388050247,-0.07344517098463982,-0.016667675005879054,0.08998141784288675,
"휴일 총 이동 거리 합계: 4분위수, 25%_std_delta3m",numeric,345984,0.1282051282051282,0.004723854944586617,0.13998296206155703,-0.326600067143084,-0.0028597287091894352,0.3132372482070341,
"휴일 총 이동 거리 합계: 4분위수, 50%_std_delta3m",numeric,345984,0.1282051282051282,-0.0014098973936012343,0.11294285290672763,-0.24252527139463642,0.01583350407222686,0.23925530854387594,
"휴일 총 이동 거리 합계: 4분위수, 75%_std_delta3m",numeric,345984,0.1282051282051282,-0.005043082553826358,0.07827287021907778,-0.1683565851004732,-0.004139342133279253,0.14491772002477044,
지하철 이용 미추정 인구수_std_delta3m,numeric,345984,0.1282051282051282,-5.8313334947315606e-05,0.007360014526982791,-0.014664575972322784,0.0006015836032744609,0.019624052862929474,
지하철이동일수 합계_std_delta3m,numeric,345984,0.1282051282051282,-0.0037525657484395137,0.02288435193722333,-0.035835214578652644,-0.0041144316214937054,0.038064361788455,
"지하철이동일수 합계: 4분위수, 25%_std_delta3m",numeric,345984,0.1282051282051282,-0.01574018383705066,0.0870322695329557,-0.14277359446503599,-0.02897297078304489,0.2489068592447285,
"지하철이동일수 합계: 4분위수, 50%_std_delta3m",numeric,345984,0.1282051282051282,-0.011676661309460558,0.12422916077247809,-0.2603866720691884,-0.04383139804479905,0.2612202328596852,
"지하철이동일수 합계: 4분위수, 75%_std_delta3m",numeric,345984,0.1282051282051282,0.009544611602010186,0.16835345406588687,-0.2908652469707636,-0.00294483716817584,0.36350676001179555,
게임 서비스 사용 미추정 인구수_std_delta3m,numeric,345984,0.1282051282051282,0.0010922937616844087,0.013780239138345703,-0.03838750326708218,0.0018233912647871303,0.02873671534874868,
게임 서비스 사용일수_std_delta3m,numeric,345984,0.1282051282051282,-0.022403941084408043,0.04915890111074991,-0.15794762712679805,-0.0049823148170739795,0.031957572956373886,
"게임 서비스 사용일수: 4분위수, 25%_std_delta3m",numeric,345984,0.1282051282051282,-0.00506253204760028,0.10452386500140959,-0.1712709395835325,-0.026221545308626935,0.29424481199155905,
"게임 서비스 사용일수: 4분위수, 50%_std_delta3m",numeric,345984,0.1282051282051282,-0.033205537757994626,0.06339127374446614,-0.17911173409677056,-0.020024788023101425,0.0841947392837554,
"게임 서비스 사용일수: 4분위수, 75%_std_delta3m",numeric,345984,0.1282051282051282,-0.02559840019099955,0.05302810108671599,-0.1380508177299824,-0.014581463949183734,0.05051969426682204,
금융 서비스 사용 미추정 인구수_std_delta3m,numeric,345984,0.1282051282051282,0.002316195180962676,0.007803469855361446,-0.015949259081741135,0.0037875034795722753,0.023335790164726457,
금융 서비스 사용일수_std_delta3m,numeric,345984,0.1282051282051282,-0.012135685281840091,0.01680134666959553,-0.03620008191938928,-0.013461128117710247,0.03486582969088231,
"금융 서비스 사용일수: 4분위수, 25%_std_delta3m",numeric,345984,0.1282051282051282,-0.00909413353817783,0.009338442473612284,-0.023696705540459162,-0.009305441325197256,0.011417345618615737,
"금융 서비스 사용일수: 4분위수, 50%_std_delta3m",numeric,345984,0.1282051282051282,-0.011427637646742076,0.015390056506349878,-0.03180079630029445,-0.01542500471873709,0.023082159673584624,
"금융 서비스 사용일수: 4분위수, 75%_std_delta3m",numeric,345984,0.1282051282051282,-0.012386556861453872,0.017231220154893766,-0.03828081078621026,-0.015601213498082384,0.033565360028044666,
쇼핑 서비스 사용 미추정 인구수_std_delta3m,numeric,345984,0.1282051282051282,0.0016925467527925543,0.007571980883613581,-0.008542481528327164,4.12287073293105e-05,0.03133551215276929,
쇼핑 서비스 사용일수_std_delta3m,numeric,345984,0.1282051282051282,-0.007796623247755044,0.015235130259176595,-0.038102762026915094,-0.009600476980454437,0.027689322269642158,
"쇼핑 서비스 사용일수: 4분위수, 25%_std_delta3m",numeric,345984,0.1282051282051282,-0.00549616636547058,0.02053722795401895,-0.032629284799924635,-0.007585359201280811,0.03179197316344046,
"쇼핑 서비스 사용일수: 4분위수, 50%_std_delta3m",numeric,345984,0.1282051282051282,-0.005088790841724787,0.017771799207367885,-0.033401759959189675,-0.009231210261017725,0.03079398317136464,
"쇼핑 서비스 사용일수: 4분위수, 75%_std_delta3m",numeric,345984,0.1282051282051282,-0.007518297214136016,0.015116410017623124,-0.0458882258835836,-0.007137824994456768,0.02543511838520618,
동영상/방송 서비스 사용 미추정 인구수_std_delta3m,numeric,345984,0.1282051282051282,0.002242988841192021,0.011465211217224113,-0.024604584182023242,0.0031128454044940107,0.033917305604013515,
동영상/방송 서비스 사용일수_std_delta3m,numeric,345984,0.1282051282051282,-0.016533505560546273,0.02598929383322779,-0.06465898986275259,-0.017879276231372213,0.046435655732444875,
"동영상/방송 서비스 사용일수: 4분위수, 25%_std_delta3m",numeric,345984,0.1282051282051282,-0.024759716105002827,0.06636922202982164,-0.20498101407593142,-0.03334557732737118,0.09542884129740584,
"동영상/방송 서비스 사용일수: 4분위수, 50%_std_delta3m",numeric,345984,0.1282051282051282,-0.017625015022077164,0.039446004160762355,-0.11291924061577636,-0.014112039884687507,0.04841022337507402,
"동영상/방송 서비스 사용일수: 4분위수, 75%_std_delta3m",numeric,345984,0.1282051282051282,-0.014502117881237737,0.027707964581498698,-0.07780862756701581,-0.01139875819200118,0.03986928422818592,
유튜브 사용 미추정 인구수_std_delta3m,numeric,345984,0.1282051282051282,0.003336645555950546,0.01056336739315944,-0.011108498226620592,0.0021141328467570997,0.03597326557408019,
유튜브 사용일수_std_delta3m,numeric,345984,0.1282051282051282,0.0007356180883581345,0.020005721277404794,-0.03415580613193436,-2.2088029174471835e-05,0.043326286810981385,
"유튜브 사용일수: 4분위수, 25%_std_delta3m",numeric,345984,0.1282051282051282,0.0034317873809425114,0.009326662749061621,-0.014621099181818531,0.003444229905721935,0.025911018745898295,
"유튜브 사용일수: 4분위수, 50%_std_delta3m",numeric,345984,0.1282051282051282,-0.014829817027705779,0.020750499332698572,-0.06171408391052341,-0.013246470850288183,0.0298608984931496,
"유튜브 사용일수: 4분위수, 75%_std_delta3m",numeric,345984,0.1282051282051282,-0.0053032365359709345,0.015952430629868973,-0.04243362300983784,-0.004150001209740873,0.04038239553253032,
넷플릭스 사용 미추정 인구수_std_delta3m,numeric,345984,0.1282051282051282,0.0021124685243153205,0.00965069931765203,-0.012325944613925,0.0002521416831353998,0.03478084101310437,
넷플릭스 사용일수_std_delta3m,numeric,345984,0.1282051282051282,-0.0027772599635053517,0.021291907171539785,-0.06607697694265735,-0.0016248984551976405,0.03853548313232261,
"넷플릭스 사용일수: 4분위수, 25%_std_delta3m",numeric,345984,0.1282051282051282,-0.0011339230411738128,0.004400096006591316,-0.009913144821476797,-0.001326327125877947,0.010883216368845065,
"넷플릭스 사용일수: 4분위수, 50%_std_delta3m",numeric,345984,0.1282051282051282,-0.017261509531296883,0.06587441898070248,-0.22053409363874754,-0.015647035667623786,0.10509652149222518,
"넷플릭스 사용일수: 4분위수, 75%_std_delta3m",numeric,345984,0.1282051282051282,0.0013416199468869866,0.007557468015207328,-0.015480586702727561,0.0014812084062948427,0.01749559600830719,
배달 서비스 사용 미추정 인구수_std_delta3m,numeric,345984,0.1282051282051282,0.0041537442765232505,0.010933047776581117,-0.00863631832304805,0.0023088963133886184,0.03586923113800774,
배달 서비스 사용일수_std_delta3m,numeric,345984,0.1282051282051282,-0.006820208588507693,0.01763254080943392,-0.0456451350607171,-0.010027198619818274,0.0284255591798733,
"배달 서비스 사용일수: 4분위수, 25%_std_delta3m",numeric,345984,0.1282051282051282,0.004354752474342419,0.17026544583831457,-0.3954803999209211,0.010774741940272593,0.5273771358008373,
"배달 서비스 사용일수: 4분위수, 50%_std_delta3m",numeric,345984,0.1282051282051282,-0.0009837096934245514,0.057579248624482195,-0.14081951429848316,-0.00472631436040178,0.12249952486603755,
"배달 서비스 사용일수: 4분위수, 75%_std_delta3m",numeric,345984,0.1282051282051282,-0.007353656135431353,0.05071034828335348,-0.10891823673091158,-0.0018277223350418037,0.10581241163415822,
배달_브랜드 서비스 사용 미추정 인구수_std_delta3m,numeric,345984,0.1282051282051282,0.003174175110200435,0.007419484125753386,-0.0035003460874672987,0.00106692026568235,0.030357280195765723,
배달_브랜드 서비스 사용일수_std_delta3m,numeric,345984,0.1282051282051282,0.03061477133644716,0.13239537760393166,-0.17828705446004822,0.005557151271357252,0.4696425541516801,
"배달_브랜드 서비스 사용일수: 4분위수, 25%_std_delta3m",numeric,345984,0.1282051282051282,0.01376936624808829,0.05629345619303388,-0.11316940636710991,0.0049144924131523104,0.1692952613650081,
"배달_브랜드 서비스 사용일수: 4분위수, 50%_std_delta3m",numeric,345984,0.1282051282051282,0.007120426689825999,0.10746240556762084,-0.2988492454168333,0.0185121407899412,0.1884320843353374,
"배달_브랜드 서비스 사용일수: 4분위수, 75%_std_delta3m",numeric,345984,0.1282051282051282,0.013992890822783025,0.0615882364792685,-0.1546294853886257,0.008970326690801361,0.18632624385088428,
배달_식재료 서비스 사용 미추정 인구수_std_delta3m,numeric,345984,0.1282051282051282,0.003246243218620759,0.007301101954006914,-0.006155282109764404,0.0017004167025174433,0.02754229269866329,
배달_식재료 서비스 사용일수_std_delta3m,numeric,345984,0.1282051282051282,0.004685622911107795,0.035862594282796416,-0.069538602326845,0.011016547995584575,0.06769518683269726,
"배달_식재료 서비스 사용일수: 4분위수, 25%_std_delta3m",numeric,345984,0.1282051282051282,0.004685622911107795,0.035862594282796416,-0.069538602326845,0.011016547995584575,0.06769518683269726,
"배달_식재료 서비스 사용일수: 4분위수, 50%_std_delta3m",numeric,345984,0.1282051282051282,0.004685622911107795,0.035862594282796416,-0.069538602326845,0.011016547995584575,0.06769518683269726,
"배달_식재료 서비스 사용일수: 4분위수, 75%_std_delta3m",numeric,345984,0.1282051282051282,0.004685622911107795,0.035862594282796416,-0.069538602326845,0.011016547995584575,0.06769518683269726,
총인구_std_delta3m,numeric,345984,0.1282051282051282,1.2835541812628984e-21,0.01532973099125543,-0.0364920589009553,0.0,0.0364920589009553,
persona_p0_std_delta3m,numeric,345984,0.1282051282051282,-0.0016462342814137702,0.010518538889000582,-0.01899438887775093,-0.0036347475496971288,0.020207472663373333,
persona_p1_std_delta3m,numeric,345984,0.1282051282051282,0.004192344951352567,0.21285075302001702,-0.3503762331206375,0.03458696219668933,0.392722836151161,
persona_p2_std_delta3m,numeric,345984,0.1282051282051282,2.523132112630834e-05,0.015062232405868526,-0.03143182743322803,0.0007698325472977746,0.025280522992122495,
persona_label_std_delta3m,numeric,345984,0.1282051282051282,0.004798511184097406,0.03597393090748347,-0.06541978531147835,-0.0015279006009117635,0.12801012675894546,
persona_conf_std_delta3m,numeric,345984,0.1282051282051282,-0.00047132735723711143,0.00952411454170955,-0.017292291714513845,-0.0027560524475309803,0.019387350253509746,
proba_LBL_LIVELIHOOD_std_delta3m,numeric,345984,0.1282051282051282,2.432325189979372,57.75858530872011,-143.43545428949204,1.1418806162151065,178.73668724827482,
proba_LBL_CARE_std_delta3m,numeric,345984,0.1282051282051282,0.005146384319060816,0.01819285846094884,-0.028551558974023727,0.004917300762163429,0.036881116786456614,
proba_LBL_HEALTH_MENTAL_DELTA_std_delta3m,numeric,345984,0.1282051282051282,0.004684664803871213,0.016211436696544013,-0.0006122099553066696,0.00011925440938710674,0.08045980589929574,
proba_LBL_DAILY_LONGTERM_std_delta3m,numeric,345984,0.1282051282051282,0.010397053235180878,0.026303275502158777,-0.0006159927464655379,9.055009733283104e-05,0.10961466683514075,
proba_LBL_HOUSING_std_delta3m,numeric,345984,0.1282051282051282,1.7089014512378657,138.41615066444425,-330.32746269707377,-12.149428277209779,259.18946160500707,
proba_LBL_EMPLOYMENT_std_delta3m,numeric,345984,0.1282051282051282,-0.34330548377570624,42.95959661254505,-88.60208085673263,-4.662984581297456,112.03765096807402,
proba_LBL_ISOLATION_std_delta3m,numeric,345984,0.1282051282051282,0.0016996630986029198,0.012024589324664367,-0.021110352105852048,0.0024843512697794307,0.031938497236586455,
pred_LBL_LIVELIHOOD_std_delta3m,numeric,345984,0.1282051282051282,-0.029831736942118662,0.08184807683718906,-0.3790157540412682,-0.0051069637365494126,0.009819806977994939,
pred_LBL_CARE_std_delta3m,numeric,345984,0.1282051282051282,0.005632761243229276,0.018455989509261608,-0.028686858707408558,0.0051728839659081205,0.03822400238451934,
pred_LBL_HEALTH_MENTAL_DELTA_std_delta3m,numeric,345984,0.1282051282051282,4.1894469059174506e-05,0.008278073433635423,-0.018277756590823424,0.00040133348627972854,0.023689337126991866,
pred_LBL_DAILY_LONGTERM_std_delta3m,numeric,345984,0.1282051282051282,0.01826826800339091,0.044510463403555585,-0.004807111928494728,0.0008285356665254234,0.18345034212010372,
pred_LBL_HOUSING_std_delta3m,numeric,345984,0.1282051282051282,-0.01664347743596304,0.09470370510450106,-0.257345101497009,-0.00698858303803937,0.2928968308554489,
pred_LBL_EMPLOYMENT_std_delta3m,numeric,345984,0.1282051282051282,0.00014799798077955826,0.046730699717283525,-0.11223531933993991,-0.0046660995484004986,0.10786896859707734,
pred_LBL_ISOLATION_std_delta3m,numeric,345984,0.1282051282051282,0.002757874095862381,0.012340539661377199,-0.020766551007266404,0.004639549699486531,0.03139466619881412,
총인구수_std_trend12m,numeric,284928,0.28205128205128205,0.0017009602574076688,0.013172778224782461,-0.02169408738908339,0.0037095741091492107,0.020111854200783028,
1인가구수_std_trend12m,numeric,284928,0.28205128205128205,-0.000835054341631047,0.0028315673528505857,-0.0050212994111385,-0.001383430800329469,0.004191287233613061,
야간상주지 변경 미추정 인구 수_std_trend12m,numeric,284928,0.28205128205128205,0.0,0.0,0.0,0.0,0.0,
야간상주지 변경횟수 평균_std_trend12m,numeric,284928,0.28205128205128205,0.007168738305863746,0.018119640017282865,-0.02902649681748426,0.010403505518386202,0.036489840567425574,
"야간상주지 변경횟수: 4분위수, 25%_std_trend12m",numeric,284928,0.28205128205128205,-0.0025092769362847008,0.01740702085132466,-0.0334900162975523,-0.0069124736444495655,0.033675155467213,
"야간상주지 변경횟수: 4분위수, 50%_std_trend12m",numeric,284928,0.28205128205128205,-0.01904000043144344,0.035275736292852154,-0.07033663545598676,-0.02615065235001371,0.05411252927067409,
"야간상주지 변경횟수: 4분위수, 75%_std_trend12m",numeric,284928,0.28205128205128205,-0.036771548255341346,0.033416043043883646,-0.07557309062592535,-0.049003835280589575,0.044546443402696256,
주간상주지 변경 미추정 인구수_std_trend12m,numeric,284928,0.28205128205128205,0.0,0.0,0.0,0.0,0.0,
주간상주지 변경횟수 평균_std_trend12m,numeric,284928,0.28205128205128205,0.006827534482060369,0.03404892503598283,-0.05299169338223855,-0.00021369331490146692,0.0760728324039048,
"주간상주지 변경횟수: 4분위수, 25%_std_trend12m",numeric,284928,0.28205128205128205,-0.04062926803547902,0.10709294173326457,-0.24886127001074348,-0.022556373452833622,0.1881343202847402,
"주간상주지 변경횟수: 4분위수, 50%_std_trend12m",numeric,284928,0.28205128205128205,0.0018981174076393816,0.16939313485947424,-0.3895800989593129,-0.0361974289599646,0.3492848574616718,
"주간상주지 변경횟수: 4분위수, 75%_std_trend12m",numeric,284928,0.28205128205128205,-0.033510261936630786,0.0737115455600767,-0.21455520003130665,-0.034633623654528635,0.08912792731035346,
출근 소요시간 미추정 인구수_std_trend12m,numeric,284928,0.28205128205128205,0.008098263654167126,0.0077579811798215844,-0.009501006045189414,0.008659886512914768,0.02046082754366107,
평균 출근 소요시간 평균_std_trend12m,numeric,284928,0.28205128205128205,-0.006769519111205269,0.12282101472793942,-0.2686651425445872,-0.0028027236521228627,0.22605016995621607,
"평균 출근 소요시간: 4분위수, 25%_std_trend12m",numeric,284928,0.28205128205128205,0.02956459240056365,0.35407791061100574,-0.6814135914784097,0.014941964744382807,0.6265208196166433,
"평균 출근 소요시간: 4분위수, 50%_std_trend12m",numeric,284928,0.28205128205128205,-0.19430414643572222,0.3451049579173681,-0.7283315002692654,-0.23007898980604413,0.4775509682294028,
"평균 출근 소요시간: 4분위수, 75%_std_trend12m",numeric,284928,0.28205128205128205,-0.033485669406899586,0.29601213750575256,-0.5941889336336257,-0.04610294382416413,0.6960714583084866,
근무시간 미추정 인구수_std_trend12m,numeric,284928,0.28205128205128205,0.008925451957826116,0.011057277798475686,-0.011565672742208932,0.007991170752435689,0.02958983942831761,
평균 근무시간 평균_std_trend12m,numeric,284928,0.28205128205128205,-0.07658736526303407,0.4715901298707902,-1.0989024881621727,-0.06265564194604423,0.6337970288818067,
"평균 근무시간: 4분위수, 25%_std_trend12m",numeric,284928,0.28205128205128205,-0.002152100684385253,0.3474446925653166,-0.9377134378430165,0.026958598249378518,0.6849125704464205,
"평균 근무시간: 4분위수, 50%_std_trend12m",numeric,284928,0.28205128205128205,-0.1575007577822305,1.171308020676805,-2.343511668370777,0.023495034843286078,1.7835791198284134,
"평균 근무시간: 4분위수, 75%_std_trend12m",numeric,284928,0.28205128205128205,-0.2844404907703407,1.2943965972450318,-2.8861984259079234,0.12585858683721707,2.0671681516877234,
소액결재 비사용 인구수_std_trend12m,numeric,284928,0.28205128205128205,0.003695908090755706,0.005956183415622352,-0.003163775829274046,0.0019353917962043332,0.017828527406577144,
소액결재 사용횟수 평균_std_trend12m,numeric,284928,0.28205128205128205,0.00664388287708407,0.02553689743072313,-0.049159977848820535,0.00562628781264346,0.06132974446187278,
"소액결재 사용횟수: 4분위수, 25%_std_trend12m",numeric,284928,0.28205128205128205,0.008028925640851321,0.008620461879389026,-0.011242343581428949,0.009473330356773169,0.0219592471031559,
"소액결재 사용횟수: 4분위수, 50%_std_trend12m",numeric,284928,0.28205128205128205,0.018670338275955625,0.012460852426058084,-0.0054733155561990515,0.01940477464932916,0.041004331246883324,
"소액결재 사용횟수: 4분위수, 75%_std_trend12m",numeric,284928,0.28205128205128205,-0.0005870279329752624,0.01827758278971743,-0.02581105775780701,-0.0028648670399198106,0.042343300820149254,
소액결재 사용 금액 없는 인구수_std_trend12m,numeric,284928,0.28205128205128205,0.004543370229973678,0.004607296901596758,-0.002982882764377942,0.004271365108645071,0.018008415103004008,
소액결재 사용금액 평균_std_trend12m,numeric,284928,0.28205128205128205,0.010739167330301336,0.020863944719850147,-0.027791650514664423,0.008308608989714708,0.062377517238883406,
"소액결재 사용금액: 4분위수, 25%_std_trend12m",numeric,284928,0.28205128205128205,0.0028230253888413435,0.02961105117631716,-0.05334505082506849,0.00456706415118846,0.062286443495966654,
"소액결재 사용금액: 4분위수, 50%_std_trend12m",numeric,284928,0.28205128205128205,0.01228906806339069,0.01698403595789177,-0.021432649091267575,0.012425672474156733,0.04759338853676229,
"소액결재 사용금액: 4분위수, 75%_std_trend12m",numeric,284928,0.28205128205128205,0.20662129156112144,1.3226636107653622,-1.8484740363351426,0.010892340944182774,3.4309233047712597,
최근 3개월 내 요금 연체 비율_std_trend12m,numeric,284928,0.28205128205128205,-0.0013381787186847593,0.03113169275701411,-0.052673469108340504,-0.0020702852195109145,0.049394317874824845,
카카오톡 비사용 인구수_std_trend12m,numeric,284928,0.28205128205128205,0.001980290975171265,0.005574118176773747,-0.004311220332652049,0.0010458861557806967,0.01978171991965126,
SNS 사용횟수_std_trend12m,numeric,284928,0.28205128205128205,-0.004849593979235269,0.023794556813337007,-0.048599856843915545,-0.002286902344561692,0.03299931350024754,
"SNS 사용횟수: 4분위수, 25%_std_trend12m",numeric,284928,0.28205128205128205,-0.0014723952433822879,0.012826510518766569,-0.02418022428364422,-0.001935905452205896,0.022341034473755607,
"SNS 사용횟수: 4분위수, 50%_std_trend12m",numeric,284928,0.28205128205128205,-0.03739288987092991,0.06231449221953947,-0.17832436858194056,-0.030884076906725955,0.0635092044182779,
"SNS 사용횟수: 4분위수, 75%_std_trend12m",numeric,284928,0.28205128205128205,-0.008583473305232778,0.019148079333329578,-0.03791343524790926,-0.014077822824637997,0.0316060412092426,
평균 통화량_std_trend12m,numeric,284928,0.28205128205128205,0.010476585340661182,0.014471015694564644,-0.013627189949647123,0.010440650338205265,0.03301567674008049,
"평균 통화량: 4분위수, 25%_std_trend12m",numeric,284928,0.28205128205128205,0.015323121630336785,0.07270116595767398,-0.10552074366609679,0.01597726677207997,0.16065940147397173,
"평균 통화량: 4분위수, 50%_std_trend12m",numeric,284928,0.28205128205128205,0.0063444162111997455,0.04249624524158163,-0.06431121926237968,0.010903374775584923,0.09499728536986818,
"평균 통화량: 4분위수, 75%_std_trend12m",numeric,284928,0.28205128205128205,0.011168744983905628,0.01845422669483283,-0.018778630650328393,0.008796098065262409,0.050314830065680355,
평균 문자량_std_trend12m,numeric,284928,0.28205128205128205,0.0054328082360465095,0.005532254281845582,-0.006390946184390504,0.006631658407384184,0.016384184078840246,
"평균 문자량: 4분위수, 25%_std_trend12m",numeric,284928,0.28205128205128205,-0.010966411225669548,0.03400928318725792,-0.08921217855720576,-0.0014103701359009166,0.029055668108424054,
"평균 문자량: 4분위수, 50%_std_trend12m",numeric,284928,0.28205128205128205,-0.04305652323105097,0.1798396339495786,-0.470109427789257,0.01357668059986096,0.20198099115703058,
"평균 문자량: 4분위수, 75%_std_trend12m",numeric,284928,0.28205128205128205,0.007051404557464545,0.24444054301485812,-0.5674952775965791,0.06579176514902892,0.43464676087687415,
평균 통화대상자 수_std_trend12m,numeric,284928,0.28205128205128205,-0.008993660129693966,0.0034498836557243584,-0.016812910681566748,-0.00829365408250185,-0.003249302890415806,
"평균 통화대상자 수: 4분위수, 25%_std_trend12m",numeric,284928,0.28205128205128205,-0.1098202556317014,0.08417704759886115,-0.2511381815820915,-0.12262660420600908,0.13831350540310794,
"평균 통화대상자 수: 4분위수, 50%_std_trend12m",numeric,284928,0.28205128205128205,0.00038299919309880314,0.08994288754142947,-0.12119562035759464,-0.03966114786726311,0.22840588458532105,
"평균 통화대상자 수: 4분위수, 75%_std_trend12m",numeric,284928,0.28205128205128205,0.0004110036232858586,0.04845783502872439,-0.07328309843231579,-0.017365624842864157,0.09891156725096459,
평균 문자대상자 수_std_trend12m,numeric,284928,0.28205128205128205,-0.0006360542010172485,0.0061038156120494826,-0.014060344515356593,0.00039338515819208053,0.009106496309941814,
"평균 문자대상자 수: 4분위수, 25%_std_trend12m",numeric,284928,0.28205128205128205,0.004991143765605879,0.028659384305963657,-0.049599609449630766,0.006978826285236064,0.06029197509740933,
"평균 문자대상자 수: 4분위수, 50%_std_trend12m",numeric,284928,0.28205128205128205,0.004389219272331288,0.3029138029564629,-0.5907173184156542,0.006349461166270318,0.5934511590431529,
"평균 문자대상자 수: 4분위수, 75%_std_trend12m",numeric,284928,0.28205128205128205,-0.02174161517944889,0.05700180380022248,-0.13719848932793438,-0.009953434319139753,0.06289321851607743,
데이터 사용량_std_trend12m,numeric,284928,0.28205128205128205,-0.010468881554149882,0.007260672835801932,-0.02212226609798474,-0.012792160170414256,0.004776548620588725,
"데이터 사용량: 4분위수, 25%_std_trend12m",numeric,284928,0.28205128205128205,-0.010687324049451769,0.01774648423651962,-0.03834507432693368,-0.012690068620921452,0.021168781067776893,
"데이터 사용량: 4분위수, 50%_std_trend12m",numeric,284928,0.28205128205128205,-0.01230071173878855,0.014222817881379236,-0.03516136665694713,-0.01395517704019534,0.015099161238958617,
"데이터 사용량: 4분위수, 75%_std_trend12m",numeric,284928,0.28205128205128205,-0.01312325689672085,0.0052710474123386876,-0.02438636103968004,-0.014320626799377463,-0.002686032382269936,
평일 총 이동 횟수 미추정 인구수_std_trend12m,numeric,284928,0.28205128205128205,-0.0015315016299929775,0.006475693131774165,-0.01230909333689198,-0.0021049887288385333,0.010317232589484165,
평일 총 이동 횟수_std_trend12m,numeric,284928,0.28205128205128205,-0.011558486983670391,0.014119484531719061,-0.03877299041125801,-0.008297510514597706,0.006834582984179688,
"평일 총 이동 횟수: 4분위수, 25%_std_trend12m",numeric,284928,0.28205128205128205,-0.0008702224747259079,0.031477331882261,-0.06001778550213011,0.0011178897061012369,0.04554573841187542,
"평일 총 이동 횟수: 4분위수, 50%_std_trend12m",numeric,284928,0.28205128205128205,-0.0018264396778671504,0.05094878889745631,-0.11050445574849066,0.0017695912794480628,0.09206542966088382,
"평일 총 이동 횟수: 4분위수, 75%_std_trend12m",numeric,284928,0.28205128205128205,-0.0054034409304515455,0.0631444404864402,-0.11339839788129469,-0.02123878088929118,0.12120453687006452,
휴일 이동 미추정 인구수_std_trend12m,numeric,284928,0.28205128205128205,0.0007334513044221673,0.004286228219345942,-0.0072391377633648155,0.002543906221094582,0.006157202600026529,
휴일 총 이동 횟수 평균_std_trend12m,numeric,284928,0.28205128205128205,-0.009569530261889246,0.021405523612949215,-0.042239610417154766,-0.009664693693701307,0.032048139750596366,
"휴일 총 이동 횟수: 4분위수, 25%_std_trend12m",numeric,284928,0.28205128205128205,-0.007993949315684415,0.19686730164432836,-0.2873538515918602,-0.07826432042149972,0.42029329253676034,
"휴일 총 이동 횟수: 4분위수, 50%_std_trend12m",numeric,284928,0.28205128205128205,-0.03621504590846842,0.17922704224329877,-0.3243653091661065,-0.0944437023833345,0.34169617672919994,
"휴일 총 이동 횟수: 4분위수, 75%_std_trend12m",numeric,284928,0.28205128205128205,-0.029551077732796405,0.12500401748927323,-0.25448672077540907,-0.04444049144086007,0.21444000723941387,
집 추정 위치 평일 총 체류시간 미추정 인구수_std_trend12m,numeric,284928,0.28205128205128205,-0.004060984435778088,0.016586496950693908,-0.027580374312782457,-0.005990460201619405,0.030726842792999476,
집 추정 위치 평일 총 체류시간_std_trend12m,numeric,284928,0.28205128205128205,0.007861148951536135,0.013849602140024828,-0.013438463601398977,0.007006285319352865,0.03787992997950478,
"집 추정 위치 평일 총 체류시간: 4분위수, 25%_std_trend12m",numeric,284928,0.28205128205128205,0.002865577789344887,0.015508192343286778,-0.033612959723146735,0.007079417476475822,0.027788361517148197,
"집 추정 위치 평일 총 체류시간: 4분위수, 50%_std_trend12m",numeric,284928,0.28205128205128205,0.009748635763492953,0.014483024291934052,-0.009235035182014177,0.005158727471782535,0.04435047043090531,
"집 추정 위치 평일 총 체류시간: 4분위수, 75%_std_trend12m",numeric,284928,0.28205128205128205,0.013989293558487577,0.010520276253877029,-0.005400091157285354,0.011951689479357968,0.03694594115113532,
집 추정 위치 휴일 총 체류시간 미추정 인구수_std_trend12m,numeric,284928,0.28205128205128205,-0.0031452397597079283,0.01701262800267618,-0.03327311141304169,-0.005692886495699517,0.0363536006887777,
집 추정 위치 휴일 총 체류시간_std_trend12m,numeric,284928,0.28205128205128205,-0.003403300329112435,0.007896431201806171,-0.021591059305107185,-0.004108171371963541,0.013056750893982873,
"집 추정 위치 휴일 총 체류시간: 4분위수, 25%_std_trend12m",numeric,284928,0.28205128205128205,-0.0029677670286420758,0.006799317334875742,-0.014457221658002554,-0.004060643507661579,0.012031928941827634,
"집 추정 위치 휴일 총 체류시간: 4분위수, 50%_std_trend12m",numeric,284928,0.28205128205128205,-0.0022263505289120624,0.011629592727100135,-0.026398613763026345,-0.001949027213716599,0.017855073138180272,
"집 추정 위치 휴일 총 체류시간: 4분위수, 75%_std_trend12m",numeric,284928,0.28205128205128205,-0.0007471022536416846,0.009414734236790977,-0.017710682593154097,-0.003805824291728769,0.016052187088847352,
평일 총 이동 거리 미추정 인구수_std_trend12m,numeric,284928,0.28205128205128205,-0.0015809739757715895,0.006709946234896173,-0.011586793596165434,-0.00318612985332975,0.011747636180284418,
평일 총 이동 거리 합계_std_trend12m,numeric,284928,0.28205128205128205,-0.01294632900799043,0.027973276879224462,-0.043926114855674214,-0.018934547884403706,0.04392532812782446,
"평일 총 이동 거리 합계: 4분위수, 25%_std_trend12m",numeric,284928,0.28205128205128205,-0.02062287098701981,0.05977373646101617,-0.11248494367923167,-0.03685074487474144,0.11437903024497849,
"평일 총 이동 거리 합계: 4분위수, 50%_std_trend12m",numeric,284928,0.28205128205128205,-0.014653500555524118,0.021547457587370877,-0.04983824354805476,-0.02059367019256709,0.03248020481610761,
"평일 총 이동 거리 합계: 4분위수, 75%_std_trend12m",numeric,284928,0.28205128205128205,-0.01039519808934633,0.03730673012029895,-0.052495780312564674,-0.024391025398818024,0.07091060639916606,
휴일 총 이동 거리 미추정 인구수_std_trend12m,numeric,284928,0.28205128205128205,0.001694637338074112,0.00789391034117855,-0.014218224918174163,0.004125486207038547,0.012914272811411442,
휴일 총 이동 거리 합계_std_trend12m,numeric,284928,0.28205128205128205,-0.011250000950654171,0.027979897011289362,-0.07094094694461273,-0.014776997489238247,0.05270442271782476,
"휴일 총 이동 거리 합계: 4분위수, 25%_std_trend12m",numeric,284928,0.28205128205128205,0.005577591099749091,0.08724430164456315,-0.1928557721980114,-0.0010593600977820902,0.1383133356710835,
"휴일 총 이동 거리 합계: 4분위수, 50%_std_trend12m",numeric,284928,0.28205128205128205,-0.02143622616842431,0.07949559749548932,-0.14227118032267005,-0.028237319587826923,0.12902485129403105,
"휴일 총 이동 거리 합계: 4분위수, 75%_std_trend12m",numeric,284928,0.28205128205128205,-0.013809044570195763,0.03340569535446033,-0.07910794945472721,-0.009162177219157006,0.039315452935052245,
지하철 이용 미추정 인구수_std_trend12m,numeric,284928,0.28205128205128205,0.0007168832046034618,0.0057285751487953064,-0.014118928984239373,0.002212393812742179,0.008950476433327234,
지하철이동일수 합계_std_trend12m,numeric,284928,0.28205128205128205,-0.005695897753722395,0.009300733193675834,-0.02139946545667193,-0.0013902627156571479,0.007074148508022987,
"지하철이동일수 합계: 4분위수, 25%_std_trend12m",numeric,284928,0.28205128205128205,-0.012123480041570059,0.08812312803225249,-0.1301423515523594,-0.026772253393804513,0.17159089840324276,
"지하철이동일수 합계: 4분위수, 50%_std_trend12m",numeric,284928,0.28205128205128205,-0.0015401092097220503,0.09194286824655003,-0.1610015210159662,0.004078327188095976,0.14557631907976643,
"지하철이동일수 합계: 4분위수, 75%_std_trend12m",numeric,284928,0.28205128205128205,0.016766842385062816,0.12216957540594607,-0.15579767543147294,-0.0029744084639562185,0.27095181646298566,
게임 서비스 사용 미추정 인구수_std_trend12m,numeric,284928,0.28205128205128205,-0.0012326351068156498,0.013702606100752125,-0.03324333866561677,0.00048715064760902066,0.01635580419229736,
게임 서비스 사용일수_std_trend12m,numeric,284928,0.28205128205128205,-0.03376577587575666,0.055077100314669857,-0.14963778914413922,-0.0038505479854352848,0.030494471274368662,
"게임 서비스 사용일수: 4분위수, 25%_std_trend12m",numeric,284928,0.28205128205128205,-0.00229554118778608,0.08885046002613117,-0.09588390352686765,-0.0384147417682372,0.19845900767538932,
"게임 서비스 사용일수: 4분위수, 50%_std_trend12m",numeric,284928,0.28205128205128205,-0.05949652970680944,0.07747790783902604,-0.22518997840882385,-0.030931258710529874,0.040666425968133246,
"게임 서비스 사용일수: 4분위수, 75%_std_trend12m",numeric,284928,0.28205128205128205,-0.041001102850927125,0.07554557320385367,-0.1644607121787133,-0.00486217795118335,0.046873394610787156,
금융 서비스 사용 미추정 인구수_std_trend12m,numeric,284928,0.28205128205128205,0.0023189285968749,0.00816342908046736,-0.013306886837258863,0.003924351591520013,0.015535781453031208,
금융 서비스 사용일수_std_trend12m,numeric,284928,0.28205128205128205,-0.024558561516619566,0.01346535018019173,-0.04758395842028268,-0.02693608234742896,0.004921330960187764,
"금융 서비스 사용일수: 4분위수, 25%_std_trend12m",numeric,284928,0.28205128205128205,-0.019631053139795754,0.009389650411210218,-0.03273911068416985,-0.020687489624932,0.006585867937953516,
"금융 서비스 사용일수: 4분위수, 50%_std_trend12m",numeric,284928,0.28205128205128205,-0.024490515178701676,0.01110744423014126,-0.03754215830411495,-0.026787073372531084,-0.0005381994791407441,
"금융 서비스 사용일수: 4분위수, 75%_std_trend12m",numeric,284928,0.28205128205128205,-0.024656626306125994,0.015280467073372613,-0.05187969853676189,-0.024046581308989498,0.005431878887807273,
쇼핑 서비스 사용 미추정 인구수_std_trend12m,numeric,284928,0.28205128205128205,0.0011552732557638418,0.0068042858079516,-0.00898052741587231,0.0009213190882205111,0.015215660290390794,
쇼핑 서비스 사용일수_std_trend12m,numeric,284928,0.28205128205128205,-0.013698324379908611,0.014806755495210964,-0.04095369562498841,-0.015501007533734498,0.011636906381916695,
"쇼핑 서비스 사용일수: 4분위수, 25%_std_trend12m",numeric,284928,0.28205128205128205,-0.003929590054531269,0.020805933653407518,-0.05346392527167182,-0.004755373733779267,0.029353724338417042,
"쇼핑 서비스 사용일수: 4분위수, 50%_std_trend12m",numeric,284928,0.28205128205128205,-0.006140038141369833,0.013281398988108,-0.040580703832099524,-0.006869223097168642,0.013235239401757831,
"쇼핑 서비스 사용일수: 4분위수, 75%_std_trend12m",numeric,284928,0.28205128205128205,-0.012719226045887813,0.012238774992384207,-0.03187179834306736,-0.012717973327163845,0.009264957377281058,
동영상/방송 서비스 사용 미추정 인구수_std_trend12m,numeric,284928,0.28205128205128205,0.0002199585376420413,0.010877108181172162,-0.020619991554255132,0.0006353413718481402,0.023040265442767147,
동영상/방송 서비스 사용일수_std_trend12m,numeric,284928,0.28205128205128205,-0.038052377711353516,0.023755443340986324,-0.07950784961150761,-0.03885143398947784,0.01837798776760044,
"동영상/방송 서비스 사용일수: 4분위수, 25%_std_trend12m",numeric,284928,0.28205128205128205,-0.03923446416829216,0.05660404969477719,-0.16191717299318137,-0.05728282832443534,0.06378194811355839,
"동영상/방송 서비스 사용일수: 4분위수, 50%_std_trend12m",numeric,284928,0.28205128205128205,-0.046013490636153426,0.03308743951362113,-0.10017917503965477,-0.04761687105068062,0.017291036704367796,
"동영상/방송 서비스 사용일수: 4분위수, 75%_std_trend12m",numeric,284928,0.28205128205128205,-0.03491376335456339,0.02538460072793484,-0.08963299428848129,-0.027331338281283896,0.0010120568833146548,
유튜브 사용 미추정 인구수_std_trend12m,numeric,284928,0.28205128205128205,0.0019562252243334848,0.009571623746087428,-0.00915607912636189,0.001027671467416745,0.029918726498652043,
유튜브 사용일수_std_trend12m,numeric,284928,0.28205128205128205,-0.003898821364447564,0.015457223819456422,-0.030855065111898727,-0.00585340982972371,0.0326512995161895,
"유튜브 사용일수: 4분위수, 25%_std_trend12m",numeric,284928,0.28205128205128205,0.009259479250375598,0.008834929462616718,-0.008257088485771169,0.008117062493772476,0.028595943501888488,
"유튜브 사용일수: 4분위수, 50%_std_trend12m",numeric,284928,0.28205128205128205,-0.0338053593831211,0.012570743900758671,-0.06819893148525302,-0.03397807041203005,-0.00802674370854406,
"유튜브 사용일수: 4분위수, 75%_std_trend12m",numeric,284928,0.28205128205128205,-0.007911614934210649,0.00612716780191108,-0.024023278591605662,-0.008331672653902979,0.007322994931124264,
넷플릭스 사용 미추정 인구수_std_trend12m,numeric,284928,0.28205128205128205,0.004648565794500414,0.013153818331058833,-0.013264969821240605,0.0003896523990970513,0.03468360934760367,
넷플릭스 사용일수_std_trend12m,numeric,284928,0.28205128205128205,-0.0059444932685097235,0.024253893912198822,-0.05793938646971952,-0.0017211194141110104,0.03315906202724614,
"넷플릭스 사용일수: 4분위수, 25%_std_trend12m",numeric,284928,0.28205128205128205,-0.002006986777311035,0.004841659172788998,-0.009878885808120774,-0.0035778843545533562,0.010398180595160934,
"넷플릭스 사용일수: 4분위수, 50%_std_trend12m",numeric,284928,0.28205128205128205,-0.04144076356618737,0.0698024904374446,-0.1801347115780132,-0.05248891059298594,0.06375866401672087,
"넷플릭스 사용일수: 4분위수, 75%_std_trend12m",numeric,284928,0.28205128205128205,0.00025795485398960794,0.006122829731097404,-0.007630523183015991,-0.00229413433683634,0.011151977858800233,
배달 서비스 사용 미추정 인구수_std_trend12m,numeric,284928,0.28205128205128205,0.005307801390555164,0.008974739555742442,-0.008142701483246667,0.0028669411761271524,0.031867004610318654,
배달 서비스 사용일수_std_trend12m,numeric,284928,0.28205128205128205,-0.01690493444483746,0.012904562262848756,-0.037972187669595786,-0.019738164810408437,0.01686452493181173,
"배달 서비스 사용일수: 4분위수, 25%_std_trend12m",numeric,284928,0.28205128205128205,0.003350340787252758,0.11418399394090248,-0.16160666606147786,-0.037064287935038256,0.24914074217600696,
"배달 서비스 사용일수: 4분위수, 50%_std_trend12m",numeric,284928,0.28205128205128205,-0.009877088565230027,0.03603485847792302,-0.07919924926253442,0.0027370537752236627,0.04031269029637417,
"배달 서비스 사용일수: 4분위수, 75%_std_trend12m",numeric,284928,0.28205128205128205,-0.02594613981371981,0.029179427757664543,-0.08725067395225536,-0.021224326277197385,0.01614963815387707,
배달_브랜드 서비스 사용 미추정 인구수_std_trend12m,numeric,284928,0.28205128205128205,0.0038645059835021645,0.005188850883578161,-0.0022153330827620193,0.0023809353468026984,0.021079563546343258,
배달_브랜드 서비스 사용일수_std_trend12m,numeric,284928,0.28205128205128205,-0.003029039802491669,0.14043492999028714,-0.1663510076075863,-0.017138338993785418,0.40601288498794275,
"배달_브랜드 서비스 사용일수: 4분위수, 25%_std_trend12m",numeric,284928,0.28205128205128205,0.004978393571890468,0.05727962515339297,-0.10188868575367155,-0.00565012583457869,0.12592497635823482,
"배달_브랜드 서비스 사용일수: 4분위수, 50%_std_trend12m",numeric,284928,0.28205128205128205,-0.01649719085986494,0.12476035835376897,-0.3029772001422989,0.027068756566368077,0.1442654145148463,
"배달_브랜드 서비스 사용일수: 4분위수, 75%_std_trend12m",numeric,284928,0.28205128205128205,0.046981429635440476,0.0554394216909151,-0.02736007542032104,0.027046800834526805,0.18227951894594904,
배달_식재료 서비스 사용 미추정 인구수_std_trend12m,numeric,284928,0.28205128205128205,0.004058022231136638,0.006366747723999054,-0.00423576252134647,0.002048961389536974,0.018604508184442856,
배달_식재료 서비스 사용일수_std_trend12m,numeric,284928,0.28205128205128205,-0.0013105344960833887,0.04083662553750893,-0.05569116775458255,-0.0018701963627147933,0.0727420983995995,
"배달_식재료 서비스 사용일수: 4분위수, 25%_std_trend12m",numeric,284928,0.28205128205128205,-0.0013105344960833887,0.04083662553750893,-0.05569116775458255,-0.0018701963627147933,0.0727420983995995,
"배달_식재료 서비스 사용일수: 4분위수, 50%_std_trend12m",numeric,284928,0.28205128205128205,-0.0013105344960833887,0.04083662553750893,-0.05569116775458255,-0.0018701963627147933,0.0727420983995995,
"배달_식재료 서비스 사용일수: 4분위수, 75%_std_trend12m",numeric,284928,0.28205128205128205,-0.0013105344960833887,0.04083662553750893,-0.05569116775458255,-0.0018701963627147933,0.0727420983995995,
총인구_std_trend12m,numeric,284928,0.28205128205128205,0.002606575635782521,0.009398142108189029,-0.01824602945047765,0.0,0.01824602945047765,
persona_p0_std_trend12m,numeric,284928,0.28205128205128205,-0.002075335828358021,0.008381055489549968,-0.016960782211800335,-0.0009836910151435896,0.012830463620430138,
persona_p1_std_trend12m,numeric,284928,0.28205128205128205,0.003309993934746157,0.11331359063138427,-0.18474074211528468,-0.03454597631802225,0.23016409885028488,
persona_p2_std_trend12m,numeric,284928,0.28205128205128205,-0.000200804762376793,0.007105767490758961,-0.010552775311865839,-0.0004079032929101764,0.020648701518569082,
persona_label_std_trend12m,numeric,284928,0.28205128205128205,0.0022831726351623866,0.025037013718208205,-0.04199514438436269,-0.0014523328730999818,0.0538285407068444,
persona_conf_std_trend12m,numeric,284928,0.28205128205128205,-0.0030307537422566977,0.007566692283339816,-0.014149943806532278,-0.006397973861538092,0.018417841461443395,
proba_LBL_LIVELIHOOD_std_trend12m,numeric,284928,0.28205128205128205,-19.979562353316748,57.086696078256956,-145.92836210968056,-1.1448039758921782,126.94773762235053,
proba_LBL_CARE_std_trend12m,numeric,284928,0.28205128205128205,0.007795457108776908,0.014067017181465828,-0.01695729805425783,0.013670692726364925,0.02559387756748105,
proba_LBL_HEALTH_MENTAL_DELTA_std_trend12m,numeric,284928,0.28205128205128205,0.0031191637108273656,0.00867720998245928,-0.0002704771959730623,0.00021969919834774476,0.0396761422802305,
proba_LBL_DAILY_LONGTERM_std_trend12m,numeric,284928,0.28205128205128205,0.014133132810574066,0.03034398325953906,-8.027712720851121e-05,0.00019451058583977443,0.11245024193002408,
proba_LBL_HOUSING_std_trend12m,numeric,284928,0.28205128205128205,1.1861733846883393,145.46150925055423,-232.89952083560766,-6.070049806604992,242.79838377710294,
proba_LBL_EMPLOYMENT_std_trend12m,numeric,284928,0.28205128205128205,-3.0089486818452698,46.837456866638945,-93.41827093200247,-2.320167536596692,95.60785407316885,
proba_LBL_ISOLATION_std_trend12m,numeric,284928,0.28205128205128205,0.0032565557940198173,0.0082086696688356,-0.008597193817266091,0.0027102893244571186,0.018987792145741644,
pred_LBL_LIVELIHOOD_std_trend12m,numeric,284928,0.28205128205128205,-0.02708913127568192,0.0550974998773545,-0.1968981393768816,-0.007435405337618635,0.004938322594933094,
pred_LBL_CARE_std_trend12m,numeric,284928,0.28205128205128205,0.00897804950478985,0.01516914591327551,-0.0173142346085447,0.01701850949128539,0.02834371443891459,
pred_LBL_HEALTH_MENTAL_DELTA_std_trend12m,numeric,284928,0.28205128205128205,-0.0004451044828188501,0.005406734542205392,-0.012733643134843403,-5.549105372897045e-05,0.00884242148614317,
pred_LBL_DAILY_LONGTERM_std_trend12m,numeric,284928,0.28205128205128205,0.02386632897576735,0.051128832957643505,-0.002292424745534649,0.0022395860179666716,0.19341375503353636,
pred_LBL_HOUSING_std_trend12m,numeric,284928,0.28205128205128205,-0.028120053161517142,0.05718709773611122,-0.14897525191840422,-0.020520838672308722,0.1011658537479011,
pred_LBL_EMPLOYMENT_std_trend12m,numeric,284928,0.28205128205128205,-0.0030003345817216248,0.03324480080045025,-0.07821853988034205,-0.002957569293039697,0.0470905196858451,
pred_LBL_ISOLATION_std_trend12m,numeric,284928,0.28205128205128205,0.005061833802923427,0.008687581803667925,-0.007591741280295133,0.0028925971200382122,0.02190899461088519,
